리뷰ID,리뷰,평점,평점등록일자,답변,답변등록일자
주야만세야,"좋아요. 너무 좋은데 수면측정을 해도 안됩니다. 저만안되는 걸까요? 밤새도록 마이크도 켜져있는것 같은데, 아무 데이터가 나오지 않습니다.",5,5/13/2024 7:21,,
캉네,아이폰 사용자입니다. 식단에서 상세수정들어가면 화면 바깥으로 튕기네요. 그것빼고는 앱은 잘쓰고있습니다,5,12/10/2023 7:21,,
Jang Phil Soo,아이폰 어플 업데이트 좀 해주세요. 구글 앱은 잘 작동하는 것 같은데요. 아이폰 앱은 정말 별로입니다. 삼성생명 상품을 가지고 있어서 추천받고 더헬스 앱을 깔았는데 챌린지에서 순위보기만 클릭하면 바로 먹통입니다. 이게 왜 수정이 안되는지는 모르겠습니다만 개발자분들이 얼른 버그 수정해주길 바랍니다.,2,11/14/2023 7:21,,
장미향 쩌러,"모션운동 해보니 만족스럽긴한데 공간의 활용성, 핸드폰의 활용도 등 사용자의 여건에 따른 제약이 상당부분 있어 간단하게는 하지 못하네요ㅠㅠ. 앱스토어에 있는 플랭크 앱처럼 모션감지 없이 강사님만 나와서 진행하는 등의 설정이 가능하다면 좋겠습니다",5,12/23/2023 0:00,,
최나니,"다 좋은데 권한요청 관련 앱 개선 요청 드립니다. 회사 보안 때문에 회사에 들어오면카메라 앱이 없어집니다. 그런데 카메라앱이 없어진다고 더헬스앱도 실행이 안되네요. 필수권한 여부에 상관없이 앱은 실행되어서 기록등을 확인할수 있으면 좋겠고, 카메라를 사용하는 상황(운동 시작)이 되었을때 필수권한 요청을 띄웠으면 합니다.",5,5/13/2024 7:21,,
로우난 트,"이런글 잘 안남기는데. 진짜 신세계에요 의지박약 운동극혐인 저를 운동하게 만들기도 했는데, 기술력에 감탄했어요… 역시 갓삼성 ㅠㅠ 모션운동도 식단도 그냥 다 신기해요.. 이런 앱 무료로 써도 되는지....만들어주셔서 감사합니다",5,5/13/2024 7:21,,
신여성k,운동 동기부여. 카운트 해 주어서 재밌고 좋은데 동기부여 될 수 있게 효과라던가 리워드 같은것들을 더 업데이트 해 주시면 좋을 것 같아요. 헬스 관련 다른 여러 데이터도 모아서 맞춤형으로 해 주시면 더더 좋을 것 같습니다.,5,8/4/2023 7:21,,
레인메이커요,가입하려는데 왜 인증문자 안보내주시나요? 수십번 시도하다 접습니다.,1,5/24/2023 0:00,,
thanatos35,"간편비번입력하라는 화면만 무한 반복입니다. 간편번호 맞게 입력했는데 다음으로 안넘어고 계속 비밀번호 입력하라는 화면만 떠요(틀리면 틀리다고 나오기 때문에 단순 번호 입력이 잘못되서 로그인이 안되는 상황은 아닙니다-실험해봄)


아이폰의 문제인가 싶어서 갤럭시에도 깔아봤는데 똑같구요. 앱재설치 폰재부팅 다 해봤는데 앱최신업데이트 완료임에도 불구하고 원래는 작동이 잘 되던게 안되니까 제 폰의 문제는 아닌거 같은데 빨리 해결좀 해주세요",1,6/13/2024 7:21,,
bbiinniii,굳굳 추천해요. 식사 기록 가능한게 너무 좋았어요. 식사 시간까지 체크할 수 있는 부분이 +요인이었습니다. 이 앱을 잘 활용하면 더 건강해질 수 있을 거 같아요.,5,8/6/2022 7:21,,
74ac22e5-cc35-40ae-b932-0cc9c3848d2e,3세 이상이라길래 깔았는데..14세 부터라네요,1,7/10/2024 7:21,"안녕하세요 더헬스 입니다.
더헬스 이용에 불편을 드려 죄송합니다.

스토어 등급은 플레이스토어에서 앱 콘텐츠와 목적에 따른 범위를 설정하는 부분이라, 더헬스 쪽에서는 통제할 수 없는 권한입니다. 실제 앱 내에서 14세 이상 사용이 가능한 부분은 앱 운영 프로세스상 본인 확인이 필요한 부분이라 불가피하게 설정된 부분이라 양해를 부탁드립니다. 감사합니다.",7/11/2024 6:22
b0a8a820-ee46-4c26-8314-703c18e626ea,간편 로그인 모르겠음 간편 로그인을 찾아봐도 정확히 잘 모르겠어요! 정답을 모르겠어요!,1,7/8/2024 14:28,"안녕하세요. 더헬스 입니다.
더헬스를 이용해 주셔서 감사합니다.
더헬스 간편로그인 비밀번호를 잊으신 경우
간편 비밀번호 입력 화면 중간에 위치한 ‘간편비밀번호를 잊으셨나요?’ 버튼을 클릭하시어
간편 비밀번호 재설정을 진행하시길 바랍니다.
감사합니다.",7/5/2024 5:32
4886476d-5515-4fa3-9d97-498d467ce724,다양한 건강관련 활동으로 건강도 챙기고 이벤트로 경품까지 받을수 있어 좋아요,5,7/8/2024 8:53,"안녕하세요. 더헬스 입니다.
더헬스를 이용해 주셔서 감사합니다.
앞으로도 고객님의 건강관리를 위한 최상의 서비스를 제공하기 위해 노력하겠습니다.
감사합니다.",7/11/2024 6:24
426cbe9c-5ba7-4197-9bda-56c68b2043c7,이 앱을 이용하면 건강해져요~,5,7/8/2024 8:33,안녕하세요. 더헬스 입니다. 더헬스를 이용해 주셔서 감사합니다. 앞으로도 고객님의 건강관리를 위한 최상의 서비스를 제공하기 위해 노력하겠습니다. 감사합니다.,7/11/2024 6:25
7b74fa75-333a-420b-a216-1ccf3f4b7059,수면 건강 아침운동 새롭게 변화하는 중입니다 강추입니다 주위에 적극권장중임,5,7/8/2024 6:29,안녕하세요. 더헬스 입니다. 더헬스를 이용해 주셔서 감사합니다. 앞으로도 고객님의 건강관리를 위한 최상의 서비스를 제공하기 위해 노력하겠습니다. 감사합니다.,7/11/2024 6:25
62fb0565-3c89-43c4-b6bb-a0b73d124e54,5월중순쯤 더헬스 앱을 깔고 사용중입니다. ※ 예약자 대상 경품인 마크로젠 수면 유전자 검사 키트는 6월 9일까지 앱 회원가입이 완료된 고객에 한해 지급됩니다 라고 문자가 왔는데 언제 보내주시나요??? 진작 앱 고객센터에다 문의를 남겼지만 답변도 안주시네요.,1,7/8/2024 2:42,"안녕하세요. 더헬스 입니다. 수면 유전자검사 키트는 사전예약 대상자 중 추첨을 통해 제공됩니다. 당첨자의 경우 6월 17일 개별 안내되었습니다. 더헬스 이벤트에 참여해 주셔서 감사드리며, 앞으로도 더 좋은 서비스로 함께하겠습니다.",7/11/2024 6:26
b1e2a9bc-2984-4907-b418-fa14a890239b,더 헬스 앱 경험해본결과 불편한점이 한두개....입니다 특히 음식을 사진으로 찍을때......내가 먹은 음식이 아닌데 예)열무 비빔밥 일때 특히) 미숫가루도 마찬가지.... 딴 음식이라고 지칭할때 그리고 음식을 수정할때...삭제는 어떻게 하는거고..... 그럴바에는 찍는거보다 입력이 더 편리한 더 헬스 앱....리뷰였습니다,3,7/6/2024 15:37,안녕하세요. 더헬스 입니다. 더헬스 이용에 불편을 드려 죄송합니다. 식사 사진의 경우 인식 후 해당 사진을 터치하시면 인식된 식사 값을 수정하거나 삭제하실 수 있습니다. 앞으로 고객님의 건강관리를 위해 더 나은 서비스를 제공하기 위해 노력하겠습니다. 감사합니다.,7/11/2024 6:27
5598bc7b-4989-46ad-848e-06b09220f518,아니 3세 이용 이라면서 14세 이상은 이용불가하는데 어떻게된거죠? 그럼 초등학생은 운동을 하지말라는건가? 진짜 쓰래기 앱입니다 13세 이하 분 들은 이앱 다운로드 조차도 하지마세요 진짜 ㄸ쓰래기앱 3세 이용은 개뿔 ㄱㄷ럴꺼면 14세 이상이라고 하던가 겉과 속이 다르네진짜 구글 플레이 스토어 하면서 이정도로 펑가하는거 진짜 처음이네 더 헬스는 이거보고 새겨듣자 제발... 이딴앱 왜만들냐.,1,7/5/2024 16:18,"안녕하세요. 더헬스 입니다. 더헬스 이용에 불편을 드려 죄송합니다. 스토어 등급은 플레이스토어에서 앱 콘텐츠와 목적에 따른 범위를 설정하는 부분이라, 더헬스 쪽에서는 통제할 수 없는 권한입니다. 실제 앱 내에서 14세 이상 사용이 가능한 부분은 앱 운영 프로세스상 본인 확인이 필요한 부분이라 불가피하게 설정된 부분이라 양해를 부탁드립니다. 감사합니다.",7/11/2024 6:28
5abe2641-dcc9-4771-ba9f-61114c7e565b,건강관리에 더없이 좋은 앱입니다,5,7/5/2024 8:52,안녕하세요. 더헬스 입니다. 더헬스를 이용해 주셔서 감사합니다. 앞으로도 고객님의 건강관리를 위한 최상의 서비스를 제공하기 위해 노력하겠습니다. 감사합니다.,7/11/2024 6:28
1f4ea7aa-8bae-4d0c-a400-3c81faef36ad,"건강관리하기 정말 좋은 앱입니다. 여러 미션달성을 통한 신체 단련및 건강관리에 좋습니다. 또한 여러 테마를 통해 수면, 명상등 정신적인 안정과 수양에도 좋아요. 여러가지 이벤트를 통해 쏠쏠한 보상도 좋아요^^",5,7/5/2024 8:16,안녕하세요. 더헬스 입니다. 더헬스를 이용해 주셔서 감사합니다. 앞으로도 고객님의 건강관리를 위한 최상의 서비스를 제공하기 위해 노력하겠습니다. 감사합니다.,7/11/2024 6:28
1853f808-8828-4668-ad3b-54d1875cde37,룰렛 당첨률이 너무 적어요~,5,7/5/2024 8:04,안녕하세요. 더헬스 입니다. 더헬스 이용에 불편을 드려 죄송합니다. 더불어 해당 불편 사항을 저희 더헬스에 공유해 주셔서 감사드립니다. 관련 부서에 내용 공유하여 서비스 개선이 이루어 질 수 있도록 노력하겠습니다. 앞으로도 고객의 의견을 적극 수용하여 고객님의 건강관리를 위해 더 나은 서비스를 제공하겠습니다. 감사합니다.,7/11/2024 7:09
50a210dd-4736-4798-86b9-82e2df5bf220,로그인 안됨. 비번도 맞음 그냥 로그인 안됨. 피드백 해준대로 해도 안됐고 다른 사람들도 마찬가지로 안된다고 했었음. 해당 리뷰 작성했던 다음날 오후되서야 로그인 됨.,1,7/5/2024 6:01,안녕하세요. 더헬스 입니다. 더헬스를 이용해 주셔서 감사합니다. 더헬스 간편로그인 비밀번호를 입력이 잘 안되시는 경우 간편 비밀번호 입력 화면 중간에 위치한 ‘간편비밀번호를 잊으셨나요?’ 버튼을 클릭하시어 간편 비밀번호 재설정을 진행하시길 바랍니다. 감사합니다.,7/5/2024 5:44
922ef975-d229-4a2a-9f85-9f7aabce1014,"이렇게 피드백이 느린 앱은 처음임 외국기업앱도 아니고 영양제추가 요청, 앱업데이트 문제 문의 남겼으나 5일째 아무피드백이 없음 앱 모니터링을 안한다는거겠죠",2,7/4/2024 23:28,"안녕하세요. 더헬스 입니다.
답변이 늦어 대단히 죄송합니다.
현재 1대1 문의 게시판 답변을 순차적으로 드리고 있습니다.
아래 메일로 추가 문의 주시면 보다 빠르게 도와드리겠습니다.
다시한번 즉각적인 응대를 드리지 못하여 죄송합니다.
healthcare.sli@partner.samsung.com",7/5/2024 5:09
12e68619-0a4b-4472-b23b-1d54105c26df,삼성헬스와 비슷하게 건강관리도 할 수 있고 룰렛 참여로 기프티콘도 주니 일석이조네요,5,7/1/2024 8:06,"안녕하세요. 더헬스 입니다.
더헬스를 이용해 주셔서 감사합니다.
앞으로 더욱 재미있고 간편한 건강관리를 책임지는 더헬스가 되도록 최선을 다하겠습니다.
감사합니다.",7/8/2024 1:32
082af446-0c87-4ff9-9cb7-43cffc7957b0,아주 좋아요~~,5,7/1/2024 8:04,"안녕하세요. 더헬스 입니다.
더헬스를 이용해 주셔서 감사합니다.
앞으로 더욱 재미있고 간편한 건강관리를 책임지는 더헬스가 되도록 최선을 다하겠습니다.
감사합니다.",7/8/2024 1:32
1cde05ac-b055-4f78-9078-102cf1f69d75,현재까지 건강 유지 프로그램 중 제일 낫다.,5,7/1/2024 8:03,"안녕하세요. 더헬스 입니다.
더헬스를 이용해 주셔서 감사합니다.
앞으로 더욱 재미있고 간편한 건강관리를 책임지는 더헬스가 되도록 최선을 다하겠습니다.
감사합니다.",7/8/2024 1:32
e0ae6390-4579-4260-bbea-0217ffc6e999,다시 깔아서 앱 사용하려는데 들어가는 과정 자체가 막혀서 어쩌라는 건지 모르겠다,1,6/30/2024 14:02,"안녕하세요. 더헬스 입니다.
현재 회원님께선 더헬스 1대1 문의 게시판 이용이 어려운 상황으로 보입니다.
아래 메일 주소로 관련 문의 남겨주시면 답변 드리겠습니다.
healthcare.sli@partner.samsung.com",7/5/2024 5:12
426abf99-6cb0-4c94-8d6b-a19a626b53cb,"먹걸이, 운동, 스트레스해소 3박자를 모두 챙겨줍니다",5,6/28/2024 11:13,"안녕하세요. 더헬스 입니다.
더헬스를 이용해 주셔서 감사합니다.
앞으로 더욱 재미있고 간편한 건강관리를 책임지는 더헬스가 되도록 최선을 다하겠습니다.
감사합니다.",7/8/2024 1:33
1e603cb8-9d54-40f5-b5f5-2730fab5c30e,고객센터 전화를 받지 않아서 여기 남깁니다. 삼성생명 FC로 일하고 있고 사내망에 더헬스 고객 건강검진 신청 이벤트가 있어서 확인해보려고 어플을 들어갔으나 어디서도 건강검진 신청 버튼이나 링크를 확인할 수 없었습니다. 어느 경로로 들어가야 하는지 확인 부탁드리겠습니다. 그리고 대부분의 삼성생명 관련 어플이나 전산망에서 고객 불만사항 처리 창구가 너무 부족합니다. 상시 고객센터를 운영하여 각종 문제 등에 제때 대처할 수 있으면 좋겠습니다.,5,6/27/2024 4:13,"안녕하세요. 더헬스 입니다.
관련 불편사항에 대한 문의는 스토어 리뷰를 통해 도와드리기 어려운 상황입니다.
문의 주신 링크 등 상세 내용을 더헬스 앱 1대1 문의 게시판에 남겨주시면 불편사항 조치드리겠습니다.
감사합니다.",7/5/2024 5:18
eac6c684-a485-40e5-a201-81ca6933bc13,기능도 좋은데 무료라 좋네요,5,6/27/2024 3:49,"안녕하세요. 더헬스 입니다.
더헬스를 이용해 주셔서 감사합니다.
앞으로 더욱 재미있고 간편한 건강관리를 책임지는 더헬스가 되도록 최선을 다하겠습니다.
감사합니다.",7/8/2024 1:33
f9224561-b525-4f99-8a96-d8735450ffd4,더 건강한 날이될거같아요,5,6/27/2024 2:27,"안녕하세요. 더헬스 입니다.
더헬스를 이용해 주셔서 감사합니다.
앞으로 더욱 재미있고 간편한 건강관리를 책임지는 더헬스가 되도록 최선을 다하겠습니다.
감사합니다.",7/8/2024 1:33
8fb9c669-9602-4673-9718-5d68bd861ba5,수면측정 등 건강관리에 많은 도움이 됩니다,5,6/25/2024 22:50,"안녕하세요. 더헬스 입니다.
더헬스를 이용해 주셔서 감사합니다.
앞으로 더욱 재미있고 간편한 건강관리를 책임지는 더헬스가 되도록 최선을 다하겠습니다.
감사합니다.",7/8/2024 1:33
5314149c-3d60-4fda-b580-ede257063b30,😀 아주 좋아요,5,6/25/2024 8:15,"안녕하세요. 더헬스 입니다.
더헬스를 이용해 주셔서 감사합니다.
앞으로 더욱 재미있고 간편한 건강관리를 책임지는 더헬스가 되도록 최선을 다하겠습니다.
감사합니다.",7/8/2024 1:35
5d2d56c0-cd7b-4eb9-84f8-7e16fad800a6,좋아요 ~~,5,6/25/2024 8:03,"안녕하세요. 더헬스 입니다.
더헬스를 이용해 주셔서 감사합니다.
앞으로 더욱 재미있고 간편한 건강관리를 책임지는 더헬스가 되도록 최선을 다하겠습니다.
감사합니다.",7/8/2024 1:36
afaec990-c207-45f2-b330-8a7362b6d77b,체계적인 몸 관리~~좋아요,4,6/24/2024 14:49,"안녕하세요. 더헬스 입니다.
더헬스를 이용해 주셔서 감사합니다.
앞으로 더욱 재미있고 간편한 건강관리를 책임지는 더헬스가 되도록 최선을 다하겠습니다.
감사합니다.",7/8/2024 1:36
671ab473-ba05-426e-bb6b-43e7e4d20174,즐겁게 행하고 있습니다 감사해요~,5,6/24/2024 12:01,"안녕하세요. 더헬스 입니다.
더헬스를 이용해 주셔서 감사합니다.
앞으로 더욱 재미있고 간편한 건강관리를 책임지는 더헬스가 되도록 최선을 다하겠습니다.
감사합니다.",7/8/2024 1:36
cdd076ce-e499-4a96-aa2b-bf47e9cf0fac,어플 설치중 권한동의 화면에서 넘어가질 않아요 ????? 이제는 연결프로그램 선택하라고하고 인증절차 거치면 삼성생명 홈페이지로 넘어가고 어플 다시 클릭하면 또다시 인증절차거치라고 하면서 무한 반복됩니다 휴대폰 기종은 노트9 입니다 해결해 주세요 미치겠어요,1,6/23/2024 12:33,"안녕하세요. 더헬스 입니다.
더헬스 설치 중 요구되는 권한에 대해 일부만 동의하시는 경우 화면이 넘어가지 않습니다.
그 외 삼성생명 홈페이지로 전환되는 등의 문제는 오류사항에 대한 상세한 내용을 아래 메일 주소에 남겨주시면
문제 해결을 도와드리겠습니다.
healthcare.sli@partner.samsung.com",7/5/2024 5:24
eb9e132b-ee57-415c-a965-71e4c52997b4,이벤트 참여 당첨 결과에 따른 주소지 정보를 대뜸 문자로 진행하십니다. 건강관련 민감정보를 수집하는 앱에서 진행하는 형태라고 보기엔 개인정보 수집과 관련된 보안우려가 전혀 없어보여 신뢰가 가지 않아 삭제 및 탈퇴합니다. +개인정보 담당관리자 및 책임자라고 표기되어 있는 메일은 아예 휴면계정이네요. 개인정보 인식 수준 문제있어보입니다.,1,6/21/2024 4:37,"안녕하세요. 더헬스 입니다. 서비스 이용에 불편을 드려 죄송합니다. 개인정보 최소화를 위해 주소지 정보를 수집하고 있지 않아 불가피하게 개별 연락을 통해 당첨 안내 및 배송지 정보 수집에 대한 안내를 드렸습니다. 더욱 안전한 개인정보 수집을 위한 방법을 신중히 재검토하겠습니다. 아울러, 개인정보 및 추가 문의는 healthcare.sli@partner.samsung.com을 통해 응대 드리고 있습니다. 관련 부서에 내용 공유하여 서비스 개선이 이루어 질 수 있도록 노력하겠습니다. 앞으로도 고객님의 의견을 적극 수용하여 건강관리를 위한 더 나은 서비스를 제공하겠습니다. 감사합니다.",7/11/2024 7:58
c7440b05-ded5-450b-902a-7a2a4e930ad9,무슨 회원가입 하는데도 버퍼링이 계속 걸림 ?? 이따구로 만들거면 만들지를 말던가;; 진짜 제데로 만들지도 못할거면 가만히라도 있지 에혀 한심한놈들,1,6/20/2024 6:00,"안녕하세요. 더헬스 입니다.
더헬스 이용에 불편을 드려 죄송합니다.
더불어 해당 불편 사항을 저희 더헬스에 공유해 주셔서 감사드립니다.
관련 부서에 내용 공유하여 서비스 개선이 이루어 질 수 있도록 노력하겠습니다.
앞으로도 고객님의 의견을 적극 수용하여 고객님의 건강관리를 위해 더 나은 서비스를 제공하겠습니다.
감사합니다.",7/5/2024 5:26
952948a9-51cd-4061-840a-7e9cfd5670a9,권한 요청하는게 너무 많네요. 다른건 그렇다치고 연락처는 왜 권한요청하나요?,1,6/18/2024 2:47,"안녕하세요. 더헬스 입니다.
더헬스를 이용해 주셔서 감사합니다.
더헬스는 보다 편리한 건강관리를 위해 다양한 서비스를 제공하며 그에 따라 필요한 권한을 요청드리고 있습니다.
말씀주신 연락처는 더헬스에서 운영하는 이벤트 및 혜택을 공유하고 주위 지인들과 함께 건강관리를 할 수 있도록
더헬스 공유를 위해 요청되는 권한입니다.
감사합니다.",7/5/2024 5:29
4c1b87b7-aaa9-4740-9a8d-bd26bf7f5b98,좋네요 먹는음식도 기록하고 잠자는습관도고치고 운동도하고 명상도하고 게다가 룰렛돌려서 당첨도 잘되네요~~ 강추합니다^^~,5,6/17/2024 14:11,안녕하세요. 더헬스 입니다. 더헬스를 이용해 주셔서 감사합니다. 앞으로 더욱 재미있고 간편한 건강관리를 책임지는 더헬스가 되도록 최선을 다하겠습니다. 감사합니다.,7/8/2024 1:36
32ccf689-179c-41cd-a7a9-62e1f5835a63,건강 지킴이 역할에 최최고 ㅎ,5,6/17/2024 8:33,안녕하세요. 더헬스 입니다. 더헬스를 이용해 주셔서 감사합니다. 앞으로 더욱 재미있고 간편한 건강관리를 책임지는 더헬스가 되도록 최선을 다하겠습니다. 감사합니다.,7/8/2024 1:36
e6e81eac-1f99-4229-828f-87251df3f3b3,잘사용하고 있습니다. 명상들으면서 마음의 안정을 많이 되찾았어요,5,6/17/2024 8:19,안녕하세요. 더헬스 입니다. 더헬스를 이용해 주셔서 감사합니다. 앞으로 더욱 재미있고 간편한 건강관리를 책임지는 더헬스가 되도록 최선을 다하겠습니다. 감사합니다.,7/8/2024 1:36
aef70648-0e23-4d3c-b645-47057d0e5d46,수면 측정이 잘 안 됨.,1,6/13/2024 23:46,"안녕하세요. 더헬스 입니다.
더헬스 이용에 불편을 드려 죄송합니다.
앱이 최신 버전이 아닐 경우 수면 측정 시 오류가 발생할 수 있습니다.
스토어에서 최신 버전으로 다운로드하거나, 마이 > 환경설정에서 최신 버전으로 업데이트 하신 후 측정해 주시기 바랍니다.

수면 측정 시 마이크 기능이 사용되며, 일시적인 네트워크 장애 등으로
전화 및 다른 앱 실행으로 마이크 권한이 제대로 작동하지 않을 경우 수면이 측정되지 않을 수 있습니다.
충전기를 꼽은 상태에서 수면 화면에서 이동하지 않고 수면 측정을 부탁드리며,

동일 증상이 반복될 경우 앱 1대1문의 게시판을 통해 문의 부탁드리겠습니다.
감사합니다.",7/5/2024 5:35
5b312b77-43b8-46c4-a126-14cc4fa202b5,잘사용했는데요 어제갑자기 간편 비밀번호 입력하면서 잘못되어 에러 500이 나오면서 관리자에게 문의하세요 라는 문구만 나오기만 하고 안됩니다 그래서 삭제 후 다시 설치했는데ᆢ 또 안되네요 ㅠ 어찌 해야 하나여 ᆢ,5,6/13/2024 0:59,"안녕하세요. 더헬스 입니다.
더헬스 이용에 불편을 드려 죄송합니다.
해당 오류는 일시적인 오류로 보이며 같은 오류가 반복 발생 시
아래 메일에 문의 부탁드리겠습니다.
healthcare.sli@partner.samsung.com",7/5/2024 5:38
cb225e8e-b3ff-4568-9dfc-ad879b132d3e,잘되고 있었는데 간편비밀번호 입력후 다음 화면으로 안넘어 가는데요 재설치해도 동일한데 어떻게 해야될까요,3,6/13/2024 0:56,"안녕하세요. 더헬스 입니다.
더헬스 이용에 불편을 드려 죄송합니다.
해당 오류는 조치가 완료되었으며 같은 증상이 반복될 시 아래 메일에 문의 부탁드리겠습니다.
healthcare.sli@partner.samsung.com",7/5/2024 5:39
0a2e71af-9209-4a2b-9167-38153018bdb5,비밀번호 입력해도 왜 접속이 안되는지? 오류인지? 인위적으로 막은건가요? 수차례 반복해도 접속 안되네요. 스트레스받네요,1,6/13/2024 0:47,"안녕하세요. 더헬스 입니다.
더헬스 이용에 불편을 드려 죄송합니다.
해당 오류는 조치가 완료되었으며 같은 증상이 반복될 시 아래 메일에 문의 부탁드리겠습니다.
healthcare.sli@partner.samsung.com",7/5/2024 5:39
a0ab9e38-4e05-45a1-8d5f-b53f4e8b68be,새벽부터 접속이 되지 않습니다! 에러 500 이라고 나오는데 무슨에러인지... 지우고 재 설치를 하여도 같은 문제가 발새합니다! 참고로 제 핸펀은 S24입니다.,4,6/12/2024 21:47,안녕하세요. 더헬스 입니다. 더헬스 이용에 불편을 드려 죄송합니다. 해당 오류는 일시적인 오류로 보이며 같은 오류가 반복 발생 시 아래 메일에 문의 부탁드리겠습니다. healthcare.sli@partner.samsung.com,7/5/2024 5:40
cd3c38fc-c0b4-41a6-8d18-b564d2c3d13e,서비스 수행중 오류가 발생되었다며 로그인되지 않는데 어떡해야 하나요? Error: 500 이라고 뜨고 로그인자체가 되지 않습니다.ㅠㅠ 문의할곳이 마땅치 않아 남깁니다.,5,6/12/2024 21:07,안녕하세요. 더헬스 입니다. 더헬스 이용에 불편을 드려 죄송합니다. 해당 오류는 일시적인 오류로 보이며 같은 오류가 반복 발생 시 아래 메일에 문의 부탁드리겠습니다. healthcare.sli@partner.samsung.com,7/5/2024 5:40
f39c8464-4547-48f7-93d4-d5b3e0515217,쓰다보면 로그인 안되서 몇 번씩 다시설치해야,1,6/12/2024 20:21,"안녕하세요. 더헬스 입니다.
더헬스 이용에 불편을 드려 죄송합니다.
불편을 겪으셨던 오류 사항에 대해 1대1 문의 게시판에 남겨주시면 해당 오류가 재발되지 않게 조치하겠습니다.
감사합니다.",7/5/2024 5:41
6690a0e8-4c20-40cf-8779-e5968ee99833,편리해요,5,6/12/2024 19:57,안녕하세요. 더헬스 입니다. 더헬스를 이용해 주셔서 감사합니다. 앞으로 더욱 재미있고 간편한 건강관리를 책임지는 더헬스가 되도록 최선을 다하겠습니다. 감사합니다.,7/8/2024 1:49
a493c07a-c1ec-48ea-8a33-4dc49b1fc940,간편비번 정할때 그냥 하고싶은 비번으로 할게요....... 뭐해도 숫자가 똑같아서 안된다 하고 ㅡㅡ 제발 비번은 좀 자유롭게 쓰게 해주세요.....,1,6/12/2024 17:04,"안녕하세요. 더헬스 입니다.
더헬스를 이용해 주셔서 감사합니다.
보다 안전한 어플 사용을 위해 간편 비밀번호 설정에 제한을 두는 점 양해 부탁드립니다.
간편 비밀번호 입력이 불편하실 경우 자동 로그인을 설정하실 수 있습니다.
감사합니다.",7/5/2024 5:43
00492d96-09ea-435b-a9be-a20e77d7d52f,간편비밀번호 로그인 하는데 계속 또 간편비밀번호 뜨고 또 누르고 로그인 하면 또 간편비밀번호 누르라고 뜨고 이런 시스템 누가 개발했나요 회사에서 하라고 해서 하지만 ... 참 ... 개선부탁드립니다 로그인이 안되요,1,6/12/2024 14:03,안녕하세요. 더헬스 입니다. 더헬스를 이용해 주셔서 감사합니다. 보다 안전한 어플 사용을 위해 간편 비밀번호 입력을 매번 요청드리는 점 양해 부탁드립니다. 간편 비밀번호 입력이 불편하실 경우 자동 로그인을 설정하실 수 있습니다. 감사합니다.,7/5/2024 5:43
81f27675-cf18-43f8-a0bd-8db423c63979,삼성헬스 설정에서 데이터 권한이라는게 없어요. 그래서 이 어플 사용하질 못 하네요,5,6/12/2024 10:19,안녕하세요. 더헬스 입니다. 더헬스 이용에 불편을 드려 죄송합니다. 정확한 조치를 위하여 현재 불편사항에 대해 화면 캡쳐 등 상세 설명을 포함하여 앱내 1:1문의로 주시면 확인 후 빠르게 조치 드리겠습니다. 앞으로 고객님의 건강관리를 위해 더 나은 서비스를 제공하기 위해 노력하겠습니다. 감사합니다.,7/11/2024 7:21
85360772-16e2-4044-b176-a65fd3990647,헬스 앱에 관심이 있어서 잘 사용하고 있습니다. 물론 이벤트에는 꽝이 되고 있지만요.^^;; 집에서도 잘 사용할 것 같아요. 만족스럽습니다.,4,6/11/2024 6:14,안녕하세요. 더헬스 입니다. 더헬스를 이용해 주셔서 감사합니다. 앞으로 더욱 재미있고 간편한 건강관리를 책임지는 더헬스가 되도록 최선을 다하겠습니다. 감사합니다.,7/8/2024 1:50
2cb35e71-2612-4b78-b744-461c5a00c121,실 사용시 불편한 점 가끔 음식 기록할때 무한 로딩 진행 갑자기 공지도 없이 서버랑 연결안되서 점검 중이라고함 오늘은 갑자기 서비스 수행중 오류 발생했다고 메시지 뜸. 사용하면서 이렇게 오류많이 발생하고 불안한 앱은 처음입니다. 다영한 기능보다 안정성 좀 강화해주십시오.,2,6/7/2024 22:42,"안녕하세요. 더헬스 입니다.
더헬스 이용에 불편을 드려 죄송합니다.
더불어 해당 불편 사항을 저희 더헬스에 공유해 주셔서 감사드립니다.
관련 부서에 내용 공유하여 안정된 서비스를 제공할 수 있도록 노력하겠습니다.
앞으로도 고객님의 의견을 적극 수용하여 고객님의 건강관리를 위해 더 나은 서비스를 제공하겠습니다.
감사합니다.",7/5/2024 5:46
96914b9f-ff99-46e7-91d3-6e9a4e639eb9,권한동의가 크롬으로 열리면서 확인바튼이 눌리지 않습니다. 해걀방법이 있을까요?,1,6/7/2024 0:05,"안녕하세요. 더헬스 입니다.
더헬스 이용에 불편을 드려 죄송합니다.
해당 문의는 플레이스토어 리뷰를 통해 조치가 어려워
아래 메일을 통해 상세 문의 남겨주시면 도와드리겠습니다.
healthcare.sli@partner.samsung.com",7/5/2024 5:48
f885b920-e3d8-4ae8-9b64-518e870296cd,네이버 쿠키 얻을려고 깔고 회원가입 했는 데 14세 미만은 안 된다고 함.분명 설명란에는 3세 이상임.그리고 애초에 헬스만 하는 데 주민번호는 왜 궁금해 하는 지 모르겠음,1,6/6/2024 14:35,"안녕하세요. 더헬스 입니다. 더헬스 이용에 불편을 드려 죄송합니다. 스토어 등급은 플레이스토어에서 앱 콘텐츠와 목적에 따른 범위를 설정하는 부분이라, 더헬스 쪽에서는 통제할 수 없는 권한입니다. 실제 앱 내에서 14세 이상 사용이 가능한 부분은 앱 운영 프로세스상 본인 확인이 필요한 부분이라 불가피하게 설정된 부분이라 양해를 부탁드립니다. 감사합니다.",7/11/2024 7:22
9e88fb23-f878-4438-b9e7-b1add51d41cc,토스 1200원 회원가입 이벤트를 시행하였는데 1200원 지급이 안되네요,1,6/6/2024 4:16,"안녕하세요. 더헬스 입니다.
더헬스를 이용해 주셔서 감사합니다.
더헬스 가입에 따른 포인트 지급 관련 문의는 해당 포인트 충전소에 문의 부탁드리겠습니다.",7/5/2024 5:49
7cc68a73-629e-40db-bc90-b56a2f401928,수면시작하면 화면밝기가 왜 밝아지나요? 팝업창에는 수면에 도움되도록 밝기를 어둡게한다고 뜨는데 실행은 정반대예요.,1,6/5/2024 15:19,안녕하세요. 더헬스 입니다. 더헬스 이용에 불편을 드려 죄송합니다. 해당 오류는 조치가 완료되었으며 같은 증상이 반복될 시 아래 메일에 문의 부탁드리겠습니다. healthcare.sli@partner.samsung.com,7/5/2024 5:50
a61cbfea-3fdc-4b19-9834-efc62ccc2ebc,신속하게 처리되어 훌륭하네요,5,6/4/2024 23:48,안녕하세요. 더헬스 입니다. 더헬스를 이용해 주셔서 감사합니다. 앞으로 더욱 재미있고 간편한 건강관리를 책임지는 더헬스가 되도록 최선을 다하겠습니다. 감사합니다.,7/8/2024 1:50
8b41e543-da11-44ed-92bf-b958b98f94db,아주만족합니다,5,6/3/2024 12:24,안녕하세요. 더헬스 입니다. 더헬스를 이용해 주셔서 감사합니다. 앞으로 더욱 재미있고 간편한 건강관리를 책임지는 더헬스가 되도록 최선을 다하겠습니다. 감사합니다.,7/8/2024 1:50
a0fb695a-6ccc-42c1-a278-f1d886a20c6f,루틴 짜기도 좋고 쓸만합니다.,5,6/3/2024 9:59,안녕하세요. 더헬스 입니다. 더헬스를 이용해 주셔서 감사합니다. 앞으로 더욱 재미있고 간편한 건강관리를 책임지는 더헬스가 되도록 최선을 다하겠습니다. 감사합니다.,7/8/2024 1:50
0e9ab03e-4915-4c80-8537-945bb7f43cd8,몸관리도받는거같고 기분좋게 선물도받고 너무좋아요!,5,6/3/2024 8:25,안녕하세요. 더헬스 입니다. 더헬스를 이용해 주셔서 감사합니다. 앞으로 더욱 재미있고 간편한 건강관리를 책임지는 더헬스가 되도록 최선을 다하겠습니다. 감사합니다.,7/8/2024 1:50
f796dd8b-33bc-4bb9-affe-7e773e1ccb05,건강관련 모든것을 케어해주니 넘 감사하고 좋은앱인것같아요,5,6/3/2024 8:14,안녕하세요. 더헬스 입니다. 더헬스를 이용해 주셔서 감사합니다. 앞으로 더욱 재미있고 간편한 건강관리를 책임지는 더헬스가 되도록 최선을 다하겠습니다. 감사합니다.,7/8/2024 1:51
54edd541-b338-4ef3-ba88-cfa46d08373f,건강관리에 커다란 도움을 주네요.. 굿 !,5,6/3/2024 8:12,안녕하세요. 더헬스 입니다. 더헬스를 이용해 주셔서 감사합니다. 앞으로 더욱 재미있고 간편한 건강관리를 책임지는 더헬스가 되도록 최선을 다하겠습니다. 감사합니다.,7/8/2024 1:51
ea23ebfa-9871-4665-966e-cc94407356ef,완전사기꾼 앱 절대로 다운받지 마세요,1,6/3/2024 0:09,"안녕하세요. 더헬스 입니다. 더헬스 이용에 불편을 드려 죄송합니다. 더불어 해당 불편 사항을 저희 더헬스에 공유해 주셔서 감사드립니다.
앞으로도 고객님의 의견을 적극 수용하여 고객님의 건강관리를 위해 더 나은 서비스를 제공하겠습니다. 감사합니다.",7/5/2024 5:54
53df222f-640d-474f-b557-b9eeba32dda8,뭐 이런 잣같은 앱이 있지?? 회원탈퇴를 막아놓은건지 모르겠지만 탈퇴할려니까 무한로딩이네ㅋㅋ,1,6/2/2024 3:39,안녕하세요. 더헬스 입니다. 더헬스 이용에 불편을 드려 죄송합니다. 회원 탈퇴를 원하신다면 앱 내에서 [마이>환경설정>회원 탈퇴]를 누르시면 탈퇴하실 수 있습니다. 탈퇴 시 지금까지 이용한 기록은 모두 삭제되고 삭제된 데이터는 복구할 수 없습니다. 앞으로 고객님의 건강관리를 위해 더 나은 서비스를 제공하기 위해 노력하겠습니다. 감사합니다.,7/11/2024 7:26
796ebaa1-966e-4249-9703-7a128ece6183,수면 기록 측정하기 위해서 취침전에 실행해 놓고 다음날 일어나서 확인하면 기록이 없음 ㅋㅋㅋ 지금까지 딱 세번 기록 됨 이번주는 한번도 기록이 안됨 황당하네요,2,6/2/2024 3:38,안녕하세요. 더헬스 입니다. 더헬스 이용에 불편을 드려 죄송합니다. 정확한 조치를 위하여 현재 불편사항에 대해 화면 캡쳐 등 상세 설명을 포함하여 앱 내에서 [고객센터>1:1문의>문의작성]을 통해 문의 주시면 확인 후 빠르게 조치 드리겠습니다. 앞으로 고객님의 건강관리를 위해 더 나은 서비스를 제공하기 위해 노력하겠습니다. 감사합니다.,7/11/2024 7:43
5b9cdd12-d539-435e-a74d-5b7d51f57915,열심히 같이 고생 하자고 말해놓고 ㅠㅠ,4,6/1/2024 6:26,안녕하세요. 더헬스 입니다. 더헬스를 이용해 주셔서 감사합니다. 앞으로도 고객님의 건강관리를 위한 최상의 서비스를 제공하기 위해 노력하겠습니다. 감사합니다.,7/11/2024 7:28
1f918da8-23a6-43f6-916f-a072b1de5212,궁금한게 있어요~!! 혼자 자지않고 한침대에 두명이 같이자는분들은 수면측정이 정확하지 않을것 같아서요. 워치연동없이 어떻게 렘수면과 신체회복까지 측정하는지 궁금합니닷,4,5/31/2024 15:11,"안녕하세요. 더헬스 입니다. 더헬스를 이용해 주셔서 감사합니다. 수면측정은 마이크를 통해 숨소리를 수집하고 수집된 숨소리를 분석으로 이루어집니다. 현재 1인 측정을 기본으로 하여 여러명이 같이 자도 수면 측정은 가능하나, 분석 결과가 정확하지 않을 수 있습니다. 정확한 분석을 위해서 1인 측정을 권장드립니다. 앞으로도 고객님의 건강관리를 위한 최상의 서비스를 제공하기 위해 노력하겠습니다. 감사합니다.",7/11/2024 7:29
552a2671-69c0-44bb-82d6-be23d90332e2,간편인증번호 저장이 되지 않습니다 핀번호를 저장하지 못했습니다 라면 메시지만 나오고 입니다,1,5/31/2024 7:21,"안녕하세요. 더헬스 입니다. 더헬스 이용에 불편을 드려 죄송합니다. 일시적인 서비스 오류로 현재는 서비스가 정상화되었습니다. 만약 동일한 문제가 반복되실 경우 앱 내에서 [고객센터>1:1문의>문의작성]을 통해 의견을 남겨 주시거나, healthcare.sli@partner.samsung.com으로 메일 주시면 확인 후 빠르게 추가 조치 드리겠습니다. 감사합니다.",7/11/2024 8:04
463c99a4-ceab-4af8-9c3e-4d734b1fed0d,더헬스 앱 한달동안 잘 사용했는데 갑자기 비번이 안 맞다고 해서 지우고 다시 깐 다음 간편비번 등록하는데 계속 에러 메세지가 나옵니다. '핀번호를 저장하지 못 했습니다. 다시 시도해주세요'라는 메세지입니다. 처리방법을 알려주시면 감사하겠습니다,4,5/31/2024 7:11,"안녕하세요. 더헬스 입니다. 더헬스 이용에 불편을 드려 죄송합니다. 일시적인 서비스 오류로 현재는 서비스가 정상화되었습니다. 만약 동일한 문제가 반복되실 경우 앱 내에서 [고객센터>1:1문의>문의작성]을 통해 의견을 남겨 주시거나, healthcare.sli@partner.samsung.com으로 메일 주시면 확인 후 빠르게 추가 조치 드리겠습니다. 감사합니다.",7/11/2024 8:05
16ab632c-fe33-4509-ab0f-fd685b272ad3,간편비밀번호를 등록하라는데 비밀번호가 틀렸다고 하거나 핀번호 저장하지 못했다고 하는디 우째해야되나요,2,5/31/2024 6:36,"안녕하세요. 더헬스 입니다. 더헬스 이용에 불편을 드려 죄송합니다. 일시적인 서비스 오류로 현재는 서비스가 정상화되었습니다. 만약 동일한 문제가 반복되실 경우 앱 내에서 [고객센터>1:1문의>문의작성]을 통해 의견을 남겨 주시거나, healthcare.sli@partner.samsung.com으로 메일 주시면 확인 후 빠르게 추가 조치 드리겠습니다. 감사합니다.",7/11/2024 8:06
d9ca2d56-37fe-46f7-875a-7520560126b2,룰렛 180개정도 모아서 한번에 돌렸는데 하나도 당첨 안되네.. 돌리는데 시스템 오류인지 무한로딩되고 시간만 한시간 걸렸는데 모두 꽝 정말 최악의 앱이네,1,5/31/2024 6:10,안녕하세요. 더헬스 입니다. 더헬스 이용에 불편을 드려 죄송합니다. 더불어 해당 불편 사항을 저희 더헬스에 공유해 주셔서 감사드립니다. 관련 부서에 내용 공유하여 서비스 개선이 이루어 질 수 있도록 노력하겠습니다. 앞으로도 고객님의 의견을 적극 수용하여 고객님의 건강관리를 위해 더 나은 서비스를 제공하겠습니다. 감사합니다.,7/11/2024 7:33
3c5bb6f8-9610-46d3-9be8-462a190faf82,앱이 안켜져요,1,5/31/2024 5:10,안녕하세요. 더헬스 입니다. 더헬스 이용에 불편을 드려 죄송합니다. 정확한 조치를 위하여 현재 불편사항에 대해 화면 캡쳐 등 상세 설명을 포함하여 healthcare.sli@partner.samsung.com으로 메일 주시면 확인 후 빠르게 추가 조치 드리겠습니다. 앞으로도 고객님의 건강관리를 위해 더 나은 서비스를 제공하기 위해 노력하겠습니다. 감사합니다.,7/11/2024 7:35
5df656fd-9132-4ce8-9134-80db1997ce7e,룰렛 당첨확율좀 올려주세요~,5,5/31/2024 1:36,안녕하세요. 더헬스 입니다. 더헬스 이용에 불편을 드려 죄송합니다. 더불어 해당 불편 사항을 저희 더헬스에 공유해 주셔서 감사드립니다. 관련 부서에 내용 공유하여 서비스 개선이 이루어 질 수 있도록 노력하겠습니다. 앞으로도 고객님의 의견을 적극 수용하여 고객님의 건강관리를 위해 더 나은 서비스를 제공하겠습니다. 감사합니다.,7/11/2024 7:36
96d7aa67-ba9d-458b-8861-5980509dab3b,일어나기를 눌러도 수면으로 설정되는 최고의앱 갤럭시워치 끼고 수면분석은 삼성헬스에만 해야겠네요^^,1,5/30/2024 0:15,안녕하세요. 더헬스 입니다. 더헬스 이용에 불편을 드려 죄송합니다. 정확한 조치를 위하여 현재 불편사항에 대해 화면 캡쳐 등 상세 설명을 포함하여 앱 내에서 [고객센터>1:1문의>문의작성]을 통해 문의 주시면 확인 후 빠르게 조치 드리겠습니다. 앞으로도 고객님의 건강관리를 위해 더 나은 서비스를 제공하기 위해 노력하겠습니다. 감사합니다.,7/11/2024 7:39
539d0206-b40f-4a12-b246-d0543c26d766,아직 한지 얼마안되어 모름,4,5/29/2024 12:46,안녕하세요. 더헬스 입니다. 더헬스를 이용해 주셔서 감사합니다. 앞으로도 고객님의 건강관리를 위한 최상의 서비스를 제공하기 위해 노력하겠습니다. 감사합니다.,7/11/2024 7:40
63695778-6ba2-44ff-83c5-22ae7e41d4d8,친절함 에 감사합니다,2,5/29/2024 10:41,안녕하세요. 더헬스 입니다. 더헬스를 이용해 주셔서 감사합니다. 앞으로도 고객님의 건강관리를 위한 최상의 서비스를 제공하기 위해 노력하겠습니다. 감사합니다.,7/11/2024 7:40
1d41b25e-4783-4da7-8e04-51fdc7c26ecb,좋아요,5,5/27/2024 12:48,안녕하세요. 더헬스 입니다. 더헬스를 이용해 주셔서 감사합니다. 앞으로도 고객님의 건강관리를 위한 최상의 서비스를 제공하기 위해 노력하겠습니다. 감사합니다.,7/11/2024 7:40
d9ab7af6-84d7-4aad-b5fa-e600a38104d4,굿,4,5/27/2024 9:48,안녕하세요. 더헬스 입니다. 더헬스를 이용해 주셔서 감사합니다. 앞으로도 고객님의 건강관리를 위한 최상의 서비스를 제공하기 위해 노력하겠습니다. 감사합니다.,7/11/2024 7:40
9270f6b5-3ae2-465b-b37c-517e15567038,굿,5,5/27/2024 8:26,안녕하세요. 더헬스 입니다. 더헬스를 이용해 주셔서 감사합니다. 앞으로도 고객님의 건강관리를 위한 최상의 서비스를 제공하기 위해 노력하겠습니다. 감사합니다.,7/11/2024 7:40
fc44a8d5-aa5f-4ba9-86b7-ef0e4332b4d9,처음이라 한번 써볼게요,5,5/27/2024 8:11,안녕하세요. 더헬스 입니다. 더헬스를 이용해 주셔서 감사합니다. 앞으로도 고객님의 건강관리를 위한 최상의 서비스를 제공하기 위해 노력하겠습니다. 감사합니다.,7/11/2024 7:40
54358cab-a868-428f-974f-cdb671770597,좋아요,5,5/27/2024 8:01,안녕하세요. 더헬스 입니다. 더헬스를 이용해 주셔서 감사합니다. 앞으로도 고객님의 건강관리를 위한 최상의 서비스를 제공하기 위해 노력하겠습니다. 감사합니다.,7/11/2024 7:40
1e011f73-7963-4d63-8469-ba636c2429dc,굳굳 좋습니다,5,5/27/2024 8:00,안녕하세요. 더헬스 입니다. 더헬스를 이용해 주셔서 감사합니다. 앞으로도 고객님의 건강관리를 위한 최상의 서비스를 제공하기 위해 노력하겠습니다. 감사합니다.,7/11/2024 7:40
3d0aaf71-b223-466e-a92e-f62854bdc9c8,더 핼스 너무 좋아요 ~~,5,5/26/2024 13:09,안녕하세요. 더헬스 입니다. 더헬스를 이용해 주셔서 감사합니다. 앞으로도 고객님의 건강관리를 위한 최상의 서비스를 제공하기 위해 노력하겠습니다. 감사합니다.,7/11/2024 7:41
84e7c297-1e2c-4518-b8ca-bb1f5487952b,수면측정 이틀 연속 꺼짐 분명 키고 잤는데 아침 되면 앱 종료 되어있음 이래서야 어찌 하겠음~,1,5/23/2024 6:07,안녕하세요. 더헬스 입니다. 더헬스 이용에 불편을 드려 죄송합니다. 정확한 조치를 위하여 현재 불편사항에 대해 화면 캡쳐 등 상세 설명을 포함하여 앱 내에서 [고객센터>1:1문의>문의작성]을 통해 문의 주시면 확인 후 빠르게 조치 드리겠습니다. 앞으로 고객님의 건강관리를 위해 더 나은 서비스를 제공하기 위해 노력하겠습니다. 감사합니다.,7/11/2024 7:44
6b933699-f263-4343-95d2-6a1aeab147b8,*대부분 개선되어 별점 평균으로 수정합니다,4,5/23/2024 2:14,"안녕하세요. 더헬스 입니다.
더헬스 이용에 불편을 드려 죄송합니다.
말씀주신 오류 증상에 대해 원인 파악하여 빠르게 조치하겠습니다.
더헬스 개선을 위한 소중한 의견 감사합니다.",4/26/2024 4:06
1b52e9c3-4e4a-499b-9f37-5cab588812a0,삼성헬스에 기록한 식단을 끌고오면 좋겠습니다,5,5/21/2024 11:42,안녕하세요. 더헬스입니다. 더헬스를 개선하기 위해 소중한 의견을 남겨주셔서 정말 감사합니다. 고객님의 의견을 적극 반영하여 고객님의 건강관리를 위한 최상의 서비스를 제공하기 위해 노력하겠습니다. 감사합니다.,7/11/2024 7:46
05069551-bb01-4c66-9b83-9031b825db56,안녕하세요 아래 스펙의 모바일 기기에서 더 헬스 설치가 안되서 문의합니다 SoC : Rockchip RK3399 Memory : 4GB display : 27인치 해상도 : 1920*1080 (FHD) 기기 이름 : MOVING SCREEN OS 버전 : 안드로이드 12 모델명 M27S,3,5/21/2024 5:42,"안녕하세요. 더헬스 입니다.
더헬스 이용에 불편을 드려 죄송합니다.
문의 주신 내용에 대해선 플레이스토어 리뷰를 통해 조치가 어려워 보입니다.
아래 메일 주소를 통해 상세한 불편사항 남겨주시면 조치 도와드리겠습니다.
healthcare.sli@partner.samsung.com",7/5/2024 5:58
b28783fb-ae87-4fae-ba7f-4f611c67bffa,필요없는 기능은 많고 업데이트는 너무 잦고..,1,5/20/2024 13:26,안녕하세요. 더헬스 입니다. 더헬스 이용에 불편을 드려 죄송합니다. 더불어 해당 불편 사항을 저희 더헬스에 공유해 주셔서 감사드립니다. 앞으로도 고객님의 의견을 적극 수용하여 고객님의 건강관리를 위해 더 나은 서비스를 제공하겠습니다. 감사합니다.,7/5/2024 5:56
e3d59a6e-7312-4525-8214-5979054737a4,룰렛이벤트에 당첨잘되서 아침마다 작은 행복을 느낍니다~건강잘챙기게되는 앱이에요~,5,5/20/2024 8:02,안녕하세요. 더헬스 입니다. 더헬스를 이용해 주셔서 감사합니다. 앞으로 더욱 재미있고 간편한 건강관리를 책임지는 더헬스가 되도록 최선을 다하겠습니다. 감사합니다.,7/8/2024 1:59
bb55d4b1-9140-4c35-9e08-7fb650ededd5,한번더 건강을 체크해보게 되요~ 거기에 상품 당첨까지 굿굿굿!!!,5,5/14/2024 2:30,"안녕하세요, 더헬스 입니다.

좋은 리뷰를 남겨주셔서 감사 드립니다.
고객님의 건강관리를 위해 앞으로도 최선을 다하겠습니다!

감사합니다.",5/20/2024 4:11
de66b5c6-6d37-4a87-a6d0-021e50dc9fb1,앱 룰렛당첨율 로또급임 음식사진 인식엉망 수면체크 제대로 못함... 컬럼 명상 등 컨텐츠 부족,2,5/13/2024 9:01,"안녕하세요, 더헬스 입니다.
더헬스 이용에 불편을 드려 죄송합니다.

말씀하신 문제점들은 개선중에 있으며, 현재 최신 버전은 1.2.4입니다.
일부 문제점들이 개선된 최신 버전으로 업데이트 부탁드리며,
앞으로도 지속적인 업데이트 및 콘텐츠 보강으로
만족스러운 서비스로 거듭날 수 있도록 노력하겠습니다.

다시 한 번 불편을 드려 죄송하며,
고객님의 건강관리를 위해 노력하겠습니다.
감사합니다.",5/20/2024 4:13
5b4868e7-7b7a-40b8-9d32-8e45da350cee,알람이 켜지는데 화면에는 아무것도 없고... 어떻게 꺼는 것인지. 그리고 맞추어둔 시간 전에 중지하면 수면 측정도 안되는 것은 정상인것인지... 이벤트라고 룰렛을 50여회 이상을 돌렸는데도 다음기회만. 이용자를 놀리는 것인지. 이게 이벤트인지 궁금하네요. 삼성이라는 큰 회사에서 하는 것이라고 믿기지가 않네요. 실망입니다.,1,5/9/2024 12:19,"안녕하세요, 더헬스 입니다.
더헬스 이용에 불편을 드려 죄송합니다.

수면 관련 측정 및 알람 종료 문제는 현재 개선이 되었으며,
최신 버전인 1.2.4로 업데이트 부탁드립니다.

이외에도 리뉴일 이후 보고되는 오류들을 빠르게 수정 중에 있으며,
현재에도 동일한 현상이 발생하신다면 정확한 조치를 위해
화면 캡쳐 등 상세 설명을 포함하여
healthcare.sli@partner.samsung.com으로 메일 주시면
확인 후 빠르게 조치 드리겠습니다.

룰렛도 많은 분들이 혜택을 보실 수 있도록 개선 중이오니 앞으로도 많은 관심 부탁드립니다.
더 나은 서비스를 제공하기 위해 노력하겠습니다. 감사합니다.",5/20/2024 4:27
4b1b5bc3-49cf-4e3c-9bc7-044565c0817b,유용한데다 기프티콘까지,5,5/7/2024 8:18,"안녕하세요, 더헬스 입니다. 좋은 리뷰를 남겨주셔서 감사 드립니다. 고객님의 건강관리를 위해 앞으로도 최선을 다하겠습니다! 감사합니다.",5/20/2024 4:19
adc942ed-597f-4e53-b351-74e1b3d94d5b,여러가지방법으로몸상태체크를손쉽게할수있어서좋타.내몸상태를항시할수있어서좋다,5,5/7/2024 8:06,"안녕하세요, 더헬스 입니다. 좋은 리뷰를 남겨주셔서 감사 드립니다. 고객님의 건강관리를 위해 앞으로도 최선을 다하겠습니다! 감사합니다.",5/20/2024 4:19
cd901c62-6d9d-47f0-ab48-d39b8266c018,룰렛 확률 공개해야 됨. 앱 초기는 어쩌다 한번 당첨..그 이후는 언제나 꽝!!! 요즘은 이벤트로 추가 돌려도 꽝!!!,1,5/4/2024 7:57,"안녕하세요, 더헬스 입니다.
더헬스 룰렛 이벤트에 참여해 주셔서 감사드립니다.

많은 분들이 건강관리의 즐거움을 느낄 수 있도록 룰렛 이벤트를 운영하고 있으나,
운영 여건 상 참여하시는 모든 분들에게 당첨의 기쁨을 드릴 수 없는 점 양해 부탁드립니다.

더욱 풍성한 경품을 준비하여 많은 분들이 더헬스를 통한 건강관리의 즐거움을 느끼실 수 있도록 노력하겠습니다.

감사합니다.",5/20/2024 4:21
b579eafa-68ad-4b0b-9219-d3dbd4834d7e,룰렛 돌리는게 왜 안될까요?,3,5/1/2024 14:39,"안녕하세요, 더헬스 입니다.
더헬스 이용에 불편을 드려 죄송합니다.

해당 문제는 조치 완료되었습니다.

현재에도 동일한 현상이 발생하신다면 정확한 조치를 위해
화면 캡쳐 등 상세 설명을 포함하여 healthcare.sli@partner.samsung.com으로
메일 주시면 확인 후 빠르게 조치 드리겠습니다.

다시 한 번 불편을 드려 죄송하며,
더 나은 서비스를 제공하기 위하여 노력하겠습니다. 감사합니다.",5/20/2024 4:23
843c71bc-b758-41fb-bb50-93d81ac68ba5,플립이랑 폴드는 룰렛이 안됩니다,1,5/1/2024 6:21,"안녕하세요, 더헬스 입니다. 더헬스 이용에 불편을 드려 죄송합니다.

해당 문제는 조치 완료되었습니다.
현재에도 동일한 현상이 발생하신다면 정확한 조치를 위해 화면 캡쳐 등 상세 설명을 포함하여
healthcare.sli@partner.samsung.com으로 메일 주시면 확인 후 빠르게 조치 드리겠습니다.

다시 한 번 불편을 드려 죄송하며, 더 나은 서비스를 제공하기 위하여 노력하겠습니다.
감사합니다.",5/20/2024 4:28
faffb016-a6b3-4a6a-9f58-dba0aae6cdea,매일 출석하면 매달 GS25 상품권 1000원 주네요 참여해보세요,5,4/29/2024 9:17,"안녕하세요, 더헬스 입니다.
좋은 리뷰를 남겨주셔서 감사해요.

앞으로도 고객님의 건강관리를 위해 최선을 다하겠습니다.
감사합니다.",5/20/2024 4:24
e7dfbebf-da90-4b5a-b1fe-cd9f6d585969,운동 열심히 하고 있어요 ㅎㅎ,5,4/29/2024 8:02,"안녕하세요, 더헬스 입니다. 좋은 리뷰를 남겨주셔서 감사해요. 앞으로도 고객님의 건강관리를 위해 최선을 다하겠습니다. 감사합니다.",5/20/2024 4:25
96a81f5b-db15-4879-9310-15713e2ccdc0,명상 콘텐츠가 생각보다 좋네요. 주말 아침에 들었는데 좋았어요,5,4/29/2024 4:08,"안녕하세요, 더헬스 입니다. 좋은 리뷰를 남겨주셔서 감사합니다. 앞으로도 고객님의 건강관리를 위해 최선을 다하겠습니다. 감사합니다.",5/20/2024 4:25
e0b7a142-5e64-4cf7-9550-139263e3b945,걍 좋고 강추천,5,4/27/2024 2:57,"안녕하세요, 더헬스 입니다. 좋은 리뷰를 남겨주셔서 감사해요. 앞으로도 고객님의 건강관리를 위해 최선을 다하겠습니다. 감사합니다.",5/20/2024 4:25
a4e6b971-b91c-4200-a790-993e4a40114a,이전까지 측정 에러 있었는데 4월 23일에 업데이트 되고나서는 수면 측정도 잘 되네요!!!,5,4/26/2024 4:55,"안녕하세요, 더헬스 입니다. 좋은 리뷰를 남겨주셔서 감사해요. 앞으로도 고객님의 건강관리를 위해 최선을 다하겠습니다. 감사합니다.",5/20/2024 4:25
c1f83743-626d-4a93-b2dc-d9dabf326734,수면 그거 키면 밝기 낮춘다는 메세지 나오면 오히려 밝기가 밝아지는데 그냥 자동 설정 없애주세요 내가 밝기줄이면 되는데 뭘 이런걸 자동으로 하나요 줄인다면서 줄이면 또 몰라 왜 밝기 설정도 못바꾸게 하는건지요 자동 밝기 설정끄는 기능 넣어주세요,1,4/24/2024 23:54,"안녕하세요. 더헬스 입니다.
더헬스 이용에 불편을 드려 죄송합니다.
말씀주신 오류 증상에 대해 원인 파악하여 빠르게 조치하겠습니다.
더헬스 개선을 위한 소중한 의견 감사합니다.",4/26/2024 3:47
9d0ac165-bc83-4869-a8b9-786d6b249a83,수면측정 기능은 테스트 제대로 하지도 않고 런칭하면 되나?,1,4/24/2024 21:24,"안녕하세요. 더헬스 입니다.
더헬스 이용에 불편을 드려 죄송합니다.
불편을 느끼신 수면측정 서비스에 대한 개선 작업을 빠르게 진행하겠습니다.
더헬스 개선을 위한 소중한 의견 감사합니다.",4/26/2024 3:48
c5d8e50a-23e8-4fae-8750-f7f453aa8b9c,업데이트 이후 알람 설정을 꺼도 계속 울리네요 아침 알람 도대체 어떻게 껄수 있나요? 매번 폰을 부팅해야만 알람 음악을 껄 수 있습니다,1,4/24/2024 5:32,"안녕하세요. 더헬스 입니다.
기상 알람 오류로 인해 앱 사용에 불편을 드려 죄송합니다.
기상 알람 오류 개선 작업을 빠르게 진행하여
개운한 아침을 가져다 줄 수 있는 더헬스가 되겠습니다.
더헬스 개선을 위한 소중한 의견 감사합니다.",4/26/2024 3:51
eb5a5f22-ba77-4563-9427-60077693ce73,기능이 많이 개선된 것 같습니다.,5,4/24/2024 5:28,"안녕하세요. 더헬스 입니다.
더헬스를 이용해 주셔서 감사합니다.
아직 부족한 더헬스를 더욱 개선하여
더욱 만족도가 높은 건강관리서비스를 제공하겠습니다.
감사합니다.",4/26/2024 3:53
3bdfcf40-7903-4b01-87af-bcbb9c69a333,최고예요,5,4/24/2024 4:56,"안녕하세요. 더헬스 입니다. 더헬스를 이용해 주셔서 감사합니다.
아직 부족한 더헬스를 더욱 개선하여 더욱 만족도가 높은 건강관리서비스를 제공하겠습니다.
감사합니다.",4/26/2024 3:53
c05dce85-d4ff-4f53-bc53-35c935e27e17,최고의 건강앱^^,5,4/24/2024 4:42,"안녕하세요. 더헬스 입니다. 더헬스를 이용해 주셔서 감사합니다.
아직 부족한 더헬스를 더욱 개선하여 더욱 만족도가 높은 건강관리서비스를 제공하겠습니다.
감사합니다.",4/26/2024 3:53
7c01ac55-84dd-4774-b7af-3b14ccc76c77,더헬스 업데이트 귀엽고 좋아요,5,4/24/2024 4:31,"안녕하세요. 더헬스 입니다. 더헬스를 이용해 주셔서 감사합니다.
아직 부족한 더헬스를 더욱 개선하여 더욱 만족도가 높은 건강관리서비스를 제공하겠습니다.
감사합니다.",4/26/2024 3:53
9476c436-b6f6-4fda-92b1-776c7675fdae,더헬스 어플 정말 잘쓰고 있어요~~ 잠잘때 항상 키고 자요,5,4/24/2024 4:26,"안녕하세요. 더헬스 입니다. 더헬스를 이용해 주셔서 감사합니다.
아직 부족한 더헬스를 더욱 개선하여 더욱 만족도가 높은 건강관리서비스를 제공하겠습니다.
감사합니다.",4/26/2024 3:54
c6f02da6-1acf-4aa6-9fae-43b61ca3c9d2,알람을 껐는데도 새벽 6시에 알람이 계속 울립니다. 화면엔 아무것도 안떠서 폰을 강제로 껐다 켜야 하고요. 기본 시계 알람이나 다른 알람 켜놓은 거 없고요. 처음에는 폰 화면에 아무것도 안뜨고 처음 듣는 알람 소리만 나서 이상하게 생각했는데 알람소리가 더헬스 알람소리라서 더헬스 문제라는 걸 알았습니다. 근데 더헬스앱에선 알람 분명히 꺼져있고요..이거때문에 몇일동안 엄청난 수면 방해를 받았습니다 최악의 앱입니다.,1,4/23/2024 21:26,"안녕하세요. 더헬스 입니다.
더헬스 이용에 불편을 드려 죄송합니다.
말씀주신 기상 알람 오류를 빠르게 조치하여 건강한 수면과
즐거운 건강관리서비스를 제공하는 더헬스가 되겠습니다.
더헬스 개선을 위한 소중한 의견 감사합니다.",4/26/2024 3:58
fe7e46d9-d54b-4c89-8db1-e3b4108e967e,좋습니다 좋아요,5,4/23/2024 14:42,"안녕하세요. 더헬스 입니다.
더헬스를 이용해 주셔서 감사합니다.
앞으로도 더 큰 건강관리서비스의 즐거움을 느낄 수 있도록 노력하겠습니다.
감사합니다.",4/26/2024 4:06
8b97fbe3-cae0-40c5-b23b-1630d9b0a1ae,"업데이트 되기 전까지는 정말 유용하게 썼던 것 같은데, 오히려 업데이트 되고 나니 편리했던 기능들이 다 없어져서 너무 아쉽네요ㅠㅠ",2,4/22/2024 13:06,"안녕하세요. 더헬스입니다.
더헬스를 이용해 주셔서 감사합니다.
더헬스는 우리 건강에 빠질 수 없는 수면부터
식사, 운동, 마음건강 등 모든 건강관리서비스를 통합적으로 제공하고자
대대적인 업데이트를 하였습니다.
하지만 말씀주신 것과 같이 이전 버전과 달라진 점이 많아 낯설게 느껴질 부분도 많아 보입니다.
기존 사용자 분들도 편하게 사용할 수 있도록 개선 방향 검토하겠습니다.
개선하면 좋겠다고 느끼시는 부분은 아래 메일을 통해 의견주시면 감사하겠습니다.
healthcare.sli@partner.samsung.com",4/26/2024 4:04
6d73f69c-1296-4a03-a72b-215c3cfe8074,"알람을 비활성화 했는데도 울리네요. 꺼지지도 않고, 무슨 문제 일까요? 어제는 아무것도 몰라 재부팅. 오늘은 앱 강제 종료로 알람 껐어요. 수면의 질을 이 어플이 다 망쳤는데요, 이틀동안!!",1,4/19/2024 20:39,"안녕하세요. 더헬스 입니다.
더헬스 기상 알람 오류로 인해 불편을 드려 죄송합니다.
말씀주신 오류 증상에 대해 빠르게 조치하겠습니다.
더헬스 개선을 위한 소중한 의견 감사합니다.",4/26/2024 4:07
5196d32d-44cf-4581-986b-06518b050995,없음.,5,4/18/2024 6:21,"안녕하세요. 더헬스 입니다.
더헬스를 이용해 주셔서 감사합니다.
더헬스는 앞으로도 건강관리의 재미를 경험할 수 있도록
다양한 이벤트와 서비스를 제공하겠습니다.
감사합니다.",4/26/2024 4:08
0dd0c60a-3c46-4bcd-9acc-7c17a26e7536,Ai가 영양제 입력에 왤캐 고집이센가요 한번입력햇으면 그만 하지 멀계속입력을 하라는건지 시키는대로 등로도다햇구만,1,4/17/2024 4:45,"안녕하세요. 더헬스 입니다.
더헬스에서 영양제 입력을 보다 편하게 하실 수 있도록
불편사항들 체크하여 개선하겠습니다.
더헬스를 위한 소중한 의견 감사합니다.",4/26/2024 4:10
44d2006b-c840-4708-a75f-9a006ce9903d,업데이트후 이전버전의 모션운동메뉴를 못찼겠어요.그 메뉴버튼을 찼기쉽게 해주시면 더 좋겠습니다. 견본영상과 본인영상이 비교되는 장점이 있었거든요,3,4/16/2024 5:20,"안녕하세요. 더헬스입니다.
더헬스 이용에 불편을 드려 죄송합니다.
이와 더불어 해당 불편 사항을 저희 더헬스에 공유해 주셔서 감사드립니다.
금번 업데이트 이후 다양한 고객님들의 니즈에 맞춰 기존 모션운동외 영상외에
동영상도 추가를 하였습니다.
모션운동의 경우 “홈 > 운동 > 체험하기” 또는 “내 운동” 영역에서
확인 하실 수 있읍니다.
서비스 개선을 위한 의견 감사드리며,
앞으로도 더 나은 서비스 제공을 위해 지속 노력하겠습니다.
감사합니다.",4/19/2024 9:02
2cf21d72-1d64-4cb2-aaef-e92601450baf,좋습니다,5,4/16/2024 4:19,"안녕하세요. 더헬스입니다.
더헬스를 이용해 주셔서 감사합니다.
앞으로 더 나은 서비스를 제공하기 위해 노력하겠습니다.
많은 이용 부탁드리며, 의견 감사합니다.",4/19/2024 9:02
7e0a6814-9ea6-4866-a0db-cd923a275007,"업뎃 후, 비번 치니까 사용자오류?라고 뜨고 로그인 안되네요. 고쳐지면 별점 수정할게요",1,4/15/2024 21:17,"안녕하세요. 더헬스입니다.
더헬스 이용에 불편을 드려 죄송합니다.
정확한 조치를 위하여 현재 불편사항에 대해 healthcare.sli@partner.samsung.com 으로 화면 캡쳐 등 메일 주시면 확인 후 빠르게 조치 드리겠습니다.
앞으로 더 나은 서비스를 제공하기 위해 노력하겠습니다.
감사합니다.",4/19/2024 9:02
96114cd7-e86c-45dc-9651-8c680e2b8903,건강정보 연동하기 싫은사람도 있을건데 누가 이기는지 보자고 계속 물어보내요? 인내심 보는것도 아니고 연동안하기도 만들어 주세요,3,4/15/2024 9:58,"안녕하세요. 더헬스입니다.
더헬스 이용에 불편을 드려 죄송합니다.
고개님께 맞는 건강관리와 원활한 서비스 이용을 위해서는
건강정보 연동이 필요한 점 양해 부탁드립니다.
다만, 말씀주신대로 불필요한 권한 연동 등은 최소화하고,
보안을 철저히 하겠습니다.
앞으로도 서비스 개선을 위해 지속 노력하겠습니다.
감사합니다.",4/19/2024 9:03
ca9a228c-47b6-4015-8783-c08b46a0676b,"4월15일 업데이트하라해서 권한설정했는데, 경고창뜨면서 필수권한 설정하라면서 ""저장공간 : 식사입력, 챌린지 참여"" 멘트가 뜨네요. 저장공간으로 들어가도 위내용은 없는데.",1,4/15/2024 5:00,"안녕하세요, 더헬스입니다.
더헬스를 이용해 주셔서 감사합니다.
말씀주신 권한 관련해서는 조치가 완료되었습니다.
불편을 드려 죄송하며 다시 한 번 권한 설정 부탁드립니다.
앞으로 더 나은 서비스를 제공하기 위해 노력하겠습니다.
감사합니다.",4/19/2024 9:00
10ea57c8-1316-4136-886e-9c7ea3cb81ca,업데이트 후 안열린다! 82. 확인해줘!,1,4/15/2024 4:24,"안녕하세요. 더헬스입니다.
더헬스 이용에 불편을 드려 죄송합니다.
정확한 조치를 위하여 현재 말씀주신 사항에 대해 healthcare.sli@partner.samsung.com으로 세부 내용 메일 주시면
확인 후 빠르게 조치 드리겠습니다.
앞으로 더 나은 서비스를 제공하기 위해 노력하겠습니다.
감사합니다.",4/19/2024 9:01
708f736e-ae8e-4357-9344-5ecb5ab6b576,행복하세요,5,4/15/2024 4:12,"안녕하세요. 더헬스입니다.
더헬스를 이용해 주셔서 감사합니다.
앞으로 더 나은 서비스를 제공하기 위해 노력하겠습니다.
더헬스와 행복한 건강관리 하시길 바랍니다. 감사합니다.",4/19/2024 9:09
bf955935-d608-4cab-909c-0e27a1e877d8,업데이트 하더니 뭔 놈의 앱 권한을 이렇게 많이 요구하냐,1,4/15/2024 3:37,"안녕하세요, 더헬스입니다.
더헬스에 많은 관심 가져주셔서 감사합니다.
더헬스앱에서는 고객님의 건강관리를 위해 음식 사진 촬영(카메라 허용) 등
다양한 기능을 제공하고 있으며, 이러한 기능 사용을 위해서는
권한 설정이 필요한 측면이 있습니다.
양해 부탁드리며, 고객님의 건강관리에 앞으로도 최선을 다하겠습니다.
감사합니다.",4/19/2024 9:01
e118696f-30d9-40ab-98cb-75489fe0e455,좋아요,4,4/11/2024 4:12,안녕하세요. 더헬스 입니다. 더헬스를 이용해 주셔서 감사합니다. 앞으로도 고객님의 건강관리를 위한 최상의 서비스를 제공하기 위해 노력하겠습니다. 감사합니다.,7/11/2024 7:47
3aa95523-60da-4cb6-9155-f017046e1fb5,걷기운동후 앱에 들러봅니다. 룰렛도 돌리고 이벤트 참여도하고.,5,4/11/2024 4:09,안녕하세요. 더헬스 입니다. 더헬스를 이용해 주셔서 감사합니다. 앞으로도 고객님의 건강관리를 위한 최상의 서비스를 제공하기 위해 노력하겠습니다. 감사합니다.,7/11/2024 7:47
8b6df1fe-08b1-42f8-9440-0a0a38571de7,걷기에 동기와 활력을 주어 대단히 좋습니다,5,4/8/2024 10:14,안녕하세요. 더헬스 입니다. 더헬스를 이용해 주셔서 감사합니다. 앞으로도 고객님의 건강관리를 위한 최상의 서비스를 제공하기 위해 노력하겠습니다. 감사합니다.,7/11/2024 7:48
b6ea0817-f454-40a3-a1f9-977ce8c02c75,"같은 거리를 매일 걷고 있는데, 걸음수가 초반에 비해 너무 차이가 심하도록 적게 반영이 됩니다. 그리고 챌린지는 참여할게 하나도 없는게 아쉽네요.",5,4/5/2024 14:20,안녕하세요. 더헬스 입니다. 더헬스 이용에 불편을 드려 죄송합니다. 더불어 해당 불편 사항을 저희 더헬스에 공유해 주셔서 감사합니다. 관련 부서에 내용 공유하여 서비스 개선이 이루어질 수 있도록 노력하겠습니다. 앞으로도 고객님의 의견을 적극 수용하여 고객님의 건강관리를 위해 더 나은 서비스를 제공하겠습니다. 감사합니다.,7/11/2024 7:49
6649ba2e-315d-4dc4-8c23-35ac6d34058a,아주 젛아요,4,4/4/2024 2:28,안녕하세요. 더헬스 입니다. 더헬스를 이용해 주셔서 감사합니다. 앞으로도 고객님의 건강관리를 위한 최상의 서비스를 제공하기 위해 노력하겠습니다. 감사합니다.,7/11/2024 7:49
62567069-aa97-493b-9d2e-3abee9fdbe0e,건강 챙길수있어서 넘 좋아요 좋은정보 감사합니다~~^^,5,4/4/2024 2:21,안녕하세요. 더헬스 입니다. 더헬스를 이용해 주셔서 감사합니다. 앞으로도 고객님의 건강관리를 위한 최상의 서비스를 제공하기 위해 노력하겠습니다. 감사합니다.,7/11/2024 7:49
367e0ec7-4ce4-4b1f-ae9a-6f4fbc58da53,잘 사용중입니다. 3월에 참여코드형 챌린지에 참가했었는데 일정시점 이후 걸음수 데이터가 챌린지에 반영되지 않았습니다. 수정 필요해보입니다,4,4/2/2024 3:53,안녕하세요. 더헬스 입니다. 더헬스 이용에 불편을 드려 죄송합니다. 더불어 해당 불편 사항을 저희 더헬스에 공유해 주셔서 감사합니다. 관련 부서에 내용 공유하여 서비스 개선이 이루어질 수 있도록 노력하겠습니다. 앞으로도 고객님의 의견을 적극 수용하여 고객님의 건강관리를 위해 더 나은 서비스를 제공하겠습니다. 감사합니다.,7/11/2024 7:50
7418989f-d2f7-40e5-ab1f-ad25c95d336f,좋아요,5,4/1/2024 8:27,안녕하세요. 더헬스 입니다. 더헬스를 이용해 주셔서 감사합니다. 앞으로도 고객님의 건강관리를 위한 최상의 서비스를 제공하기 위해 노력하겠습니다. 감사합니다.,7/11/2024 7:50
7a9b80f3-6b06-426a-a146-576b47f640da,너무너무 좋아요,5,3/30/2024 7:27,,
3abb8806-ff08-4c29-b6be-fbb67df48e2a,룰렛이벤트 굳이 할 필요 있나요? 차라리 출석체크이벤트를 하시지요. 처음 앱시작했을땐 한달에 한두번 1000원상품권 당첨되는 소소한 재미라도 있었는데 지금은 그냥 15번이상 룰렝참여하면 받는 상품권일괄적으로 받는 느낌!? 참여횟수줄인 이후로 아무리 확률겜이라고해도 4개월동안은 그냥 다음기회에 라는것말곤 구경도 못하겠더군요.,1,3/29/2024 8:07,,
534c229d-2166-4a97-8045-4715caec5915,몇개월 사용해봣는데 만보기적립금도 안되고 더헬스롤렛돌리기도 거의 다음기회에 ~~ 별쓸모가 없어서 탈퇴해야겠네요.재미없는앱.쌓이는적립금이라도 있어야되지않는건지.다른여러앱사용해도 쌓이는적립금도생겨 잼있고할만한데 소멸도 없고 차라리 더헬스하느니 다른앱하나더 찿아하는게낳을듯,3,3/25/2024 22:19,,
1b33662b-4ad6-4155-968b-b3cf4c8cfdcb,사용할수록 편리함을 더합니다,5,3/25/2024 9:40,안녕하세요. 더헬스 입니다. 고객님께 더 나은 서비스를 제공할 수 있도록 항상 노력하겠습니다. 감사합니다.,2/27/2024 10:48
ed3f9e42-3e9c-4961-8247-295af8ff5ce5,매일 걸음 체크하고 건강에 신경 쓸 수 있어 좋아요,5,3/25/2024 8:11,,
bc7065a2-67a6-401a-ab91-903db2c1ef3e,좋아요,5,3/18/2024 16:34,,
965b3dd4-679b-4872-a1f2-9ff040c28af8,운동도되고 선물도받고 좋네요! 근데 이벤트결과같은거는 어디서 보는거임?,5,3/15/2024 15:44,,
c3e9d369-16a9-429e-bb21-368d8af7ada8,실행이 너무 오래 걸려요,1,3/12/2024 12:47,,
646e1f05-a1c6-42a1-a20e-c909c9b27e8a,매우 좋아요,5,3/12/2024 5:14,,
12323719-b4bb-42d2-bdee-6b437076a827,운동하기 좋아요.,5,3/11/2024 13:11,,
55b17da5-7359-4e00-ac1e-6d7c416f170b,건강 지키미 더헬스,5,3/11/2024 10:00,,
524caefa-6724-4b08-8a27-3ac823d4538a,보상도 좋고 편하게 관리됩니다,5,3/11/2024 8:55,,
0c090dad-9bc9-46b7-ac99-b33ddb188373,최고,5,3/11/2024 8:50,,
397f20c6-f1b0-4620-b0b1-5ebd34d7e2da,좋아요 아주 좋아요,5,3/11/2024 6:02,,
dc224a13-7003-48d2-a99f-8f2aeeef9508,운동과 식단 관리를 할수 있어서 좋아요,5,3/11/2024 5:20,,
5318cdbc-bb70-43f4-987b-bef9c78d60be,좋아요!,5,3/11/2024 4:23,,
a6db6021-cfc3-42a1-86e8-1662bc5ce403,와!! 저 이번에 한달 8천걸음 챌린지 성공해서 신세계상품권 만원 받았어요. 열심히 건강관리할게요 감사합니다 더헬스,5,3/11/2024 4:18,,
9d8dd5a7-359a-4a8f-82e6-dacfdd3f3a41,좋습니다,5,3/11/2024 4:05,,
cbea10f4-52c7-40e6-902d-03a8ce6a70e4,"감사합니다 워낙 어릴 적부터 자가면역질환을 앓고 있었고 최근 몇년 전 부터는 저나 제 주변 환경변화가 급격히 커져 직장은 커녕 주기적으로 일상생활 조차 감당이 안될 때도 있을 정도로 쇠약해져 요즘은 거의 포기 상태였거든요 그래도 이 앱을 이용하면서 조금이나마 힘내서 좀 더 짬을 내서 겨우 겨우 움직이려고 했었어요ㅎㅎ 이벤트도 당첨되지 않더라도 뭐라도 노력하면 혜택주려는 감사한 앱이라는 생각이 들었고 (특히 건강한 의미있는 쪽으로)그런데 어제 문자받고 뭉클했어요. 이벤트 될 거란 기대 1도 안했었거든요 남들 다 하는 일상생활, 직장도 할 체력도 이제 없는 나는 열심히 살고싶어도 그럴 수 없어 쓸모없는 몸이란 서글픈 생각이 많이 드는 요즘이었거든요 덕분에 받은 메세지에서처럼 오후에 미소가 번지는 데에서 그치는 게 아니라 위로를 받은 하루였네요 덕분에 따뜻한 하루였습니다 감사합니다 앞으로도 잘 이용하겠습니다",5,3/7/2024 5:25,,
d7392493-831f-4ea3-9f15-8622240102d6,건강도 챙기고 상품도 받고 넘 좋아요~~^^,5,3/6/2024 10:24,,
9c2755dc-5b58-44fc-a746-1bef12d58c51,건강관리에 매우 유익합니다*^^*,5,3/6/2024 9:31,,
296cefb8-9e50-43c2-8a53-86f05b13e846,맨손체조부터 식단관리까지 좋은정보가 가득하네요,5,3/6/2024 9:00,,
d557bd94-3623-4560-85b8-7eb261ab94e4,"하루5000보걷고 건강다지고 롤렛돌려 상품타고 이보다 좋을순 읎다,ㅎ",5,3/6/2024 8:12,,
fb75854b-60e0-4b73-a5fb-06df0ba4879d,걷기가 제일쉽고도 제일어려운것 같습니다. 더헬스 덕분에 습관이되어 만보가 거뜬해져 한결 몸이 가벼워지고 건강해지는 느킴입니다. 감사하고 경품 고맙습니다. 더욱더 만보를 위해 쭉~~걷겠습니다.,5,3/6/2024 8:07,,
cb49f804-b0b9-4191-bfc8-af7b52a821bc,"너무너무 잘 사용하고 있습니다. 덕분에 많은 운동도 되고, 룰렛이나 이벤트로 인해 소소한 기쁨도 느끼고 최고입니다^^",5,3/6/2024 8:07,,
25d6a1dd-db15-4888-af1b-9e7df9e4a857,좋아요,5,3/6/2024 8:05,,
10b9538b-2a1a-43fe-bde4-45567b864800,요즘 만보걷기에 열심인데 참여의지와 완주를 도와주는 이벤트입니다. 좋아요,5,3/6/2024 8:04,,
1c37af0f-b38f-479b-8945-1707bbda31f3,운동을 하면 챌린지에 참가하고 선물까지 주니 완전 좋습니다,5,3/6/2024 8:03,,
74b79a05-8d67-4d95-bbfb-0d0e39aa9246,"걸음수도 확인하고, 롤렛 경품도 당첨되니까, 너무 좋아요. 앱을 잘 사용하고 있습니다.",5,3/6/2024 4:50,,
22dcf937-7077-467d-a7be-a752ba0cc360,좋아요. 계속할거예요,5,3/5/2024 21:13,,
8d86983b-9844-4efc-babb-0cdea5bb7e3d,헬스. 좋아요.,5,3/5/2024 9:54,,
5a3858ab-737b-46f2-ba03-fcfb97259439,저절로 걷기운동하게 만드는 앱! 게다가 출석을 보름만 해도 경품을 줍니다. 우리 모두 더헬스로 운동합시다.,5,3/5/2024 8:25,,
b328d196-3b25-4624-aa69-27fd3227dbef,잘 사용하고 있어요,5,3/5/2024 8:11,,
a9de1546-18e9-4562-bdab-788786c80dc4,좋아요,5,3/5/2024 8:08,,
722ce720-6e33-4d24-a7fd-978e1ca61e3b,좋네요 자주 하네요,3,3/5/2024 8:07,,
35d4f136-82c3-49d1-90c0-4853e183c2ab,편리해요,5,3/5/2024 8:06,,
fdec8506-3c6c-4e4d-8e93-a68b7f53275b,운동도 하고 상품권도 받고 양수겸장입니다.,5,3/4/2024 9:51,,
c433c66b-7ac9-4730-b0b2-be28ca5c3135,도움이 많이 되요~,5,3/4/2024 8:15,,
29d9c212-0c69-4f18-9c13-37ad6946734d,👍,5,3/4/2024 8:01,,
8fc61132-5c0c-4290-b1d0-07b5d6d712bc,"운동량은 자동 연결, 식사량 기록할수있어서 많이 먹은날은 다음날 양을 조절하거나 운동량을 늘리거나 하게 돼서 좋아요 매달 운동량관련 이벤트도 있고 동기부여도 돼요",5,3/3/2024 10:44,,
9f2bf114-2b05-41a0-bca7-2026b4823e46,연결프로그램으로 연결된다는 제보를 해도 고치지 않는 뚝심에 감탄했습니다.,1,2/26/2024 14:14,"안녕하세요. 더헬스 입니다.
이용에 불편을 드려 죄송합니다.
에러가 발생한 시점에 해당하는 화면을 캡쳐하셔서
healthcare.sli@partner.samsung.com 으로 보내주시면 확인 후
조치 도와드리겠습니다.
감사합니다.",2/27/2024 9:21
7e4fa4a0-3c62-4a8a-a169-24538e350816,건강관리에 많은 도움이 됩니다,5,2/26/2024 8:04,"안녕하세요. 더헬스 입니다.
고객님께 더 나은 서비스를 제공할 수 있도록 항상 노력하겠습니다.
감사합니다.",2/27/2024 9:22
a2a09a6d-a0ae-4783-939e-b0c5f20a66b8,섬성생명 건간관리앱으로 여러가지 유용한것이 많습니다. 앱 이용 적극 추천합니다.,5,2/26/2024 0:31,"안녕하세요. 더헬스 입니다.
고객님께 더 나은 서비스를 제공할 수 있도록 항상 노력하겠습니다.
감사합니다.",2/27/2024 9:22
c9481f10-2e2d-48d5-b428-13cf49c5c297,건강을 위해 꼭 필요할것 같아요,5,2/24/2024 4:01,"안녕하세요. 더헬스 입니다.
고객님께 더 나은 서비스를 제공할 수 있도록 항상 노력하겠습니다.
감사합니다.",2/27/2024 9:22
6def788d-3891-4dd4-9520-3f8913bb75a1,갑자기 연결안되고 연결프로그램 선택하라고 나오고 그래서 네이버나 크롬 선택해도 연결안됨,1,2/23/2024 22:14,"안녕하세요. 더헬스 입니다.
이용에 불편을 드려 죄송합니다.
에러가 발생한 시점에 해당하는 화면을 캡쳐하셔서
healthcare.sli@partner.samsung.com 으로 보내주시면 확인 후
조치 도와드리겠습니다.
감사합니다.",2/27/2024 9:21
da8dcd8d-8ae2-40a6-a188-16fcbc1b386a,오늘 새벽부터 앱로그인시 로딩화면만 무한반복합니다. 재설치해도 마찬가지이구요. 혹시 앱 이슈가 있나요?,4,2/23/2024 13:35,"안녕하세요. 더헬스 입니다.
이용에 불편을 드려 죄송합니다.
에러가 발생한 시점에 해당하는 화면을 캡쳐하셔서
healthcare.sli@partner.samsung.com 으로 보내주시면 확인 후
조치 도와드리겠습니다.
감사합니다.",2/27/2024 9:21
76eef578-0656-49a7-879e-0446a1561ac4,디지로카 삭제했는데도 어플을 켜면 브라우저로 바뀌고 이후 실행이 안되고 있어요. 디지로카 괜히 삭제했네요 ㅜ,1,2/23/2024 0:16,"안녕하세요. 더헬스 입니다.
이용에 불편을 드려 죄송합니다.
에러가 발생한 시점에 해당하는 화면을 캡쳐하셔서
healthcare.sli@partner.samsung.com 으로 보내주시면 확인 후
조치 도와드리겠습니다.
감사합니다.",2/27/2024 9:21
16747ec2-d572-47f7-a013-7435e45b3c88,갑자기 어플 연결이 안되고 연결프로그램 선택하라고 뜹니다. 어플 삭제 후 다시 설치 해도 똑같은 현상이 .. 조치해 주세요,1,2/22/2024 14:01,"안녕하세요. 더헬스 입니다.
이용에 불편을 드려 죄송합니다.
에러가 발생한 시점에 해당하는 화면을 캡쳐하셔서
healthcare.sli@partner.samsung.com 으로 보내주시면 확인 후
조치 도와드리겠습니다.
감사합니다.",2/27/2024 9:22
32f7de96-dcd1-47f2-a916-93e6a27f343b,불편한점 없이 사용 가능함 추천👍,5,2/22/2024 5:43,"안녕하세요. 더헬스 입니다.
고객님께 더 나은 서비스를 제공할 수 있도록 항상 노력하겠습니다.
감사합니다.",2/27/2024 9:22
fe7365c5-e783-4277-be8b-1e7215b032f9,신규가입하면 원스토어 리워드 포인트 준다해서 가입했는데 포인트안줌. 회원가입 개인정보 먹튀당함.,1,2/21/2024 1:29,"안녕하세요. 더헬스 입니다. 더헬스 가입 시 지급되는 포인트에 대한 문의는 해당 광고를 확인한 플랫폼사에 문의 부탁드립니다.
보다 명확한 도움을 드리지 못해 죄송합니다.",2/27/2024 11:06
51a4c68a-1238-4484-98eb-1d89d6885280,3세 이상이라며.... 3세 이상이러면!!!!왜 14세 미만인데.... 그럼 14이상으로해!!!!,2,2/17/2024 19:20,,
81cc1e54-1816-4467-b2bc-7aec8fcdaa5a,하루 운동량을 채크할수있어서 더욱 재미가솔솔해요,5,2/13/2024 11:17,안녕하세요. 더헬스 입니다. 고객님께 더 나은 서비스를 제공할 수 있도록 항상 노력하겠습니다. 감사합니다.,2/27/2024 10:46
541dc70c-1e63-405d-bc61-245df01e66fd,3세 이상이라면서 막상 들어가면 14세 미만이라 하면 뭐 어떻게 하란겁니까 처음부터 14세 이상이라 앱에 적든가요,1,2/12/2024 14:32,,
7d3be70b-c3d0-4686-9970-6cd80d25c8d8,가벼운 마음으로 이용하고 있었는데 덜컥 경품에 당첨되었다. 더헬스 만세!,5,2/8/2024 9:23,안녕하세요. 더헬스 입니다. 고객님께 더 나은 서비스를 제공할 수 있도록 항상 노력하겠습니다. 감사합니다.,2/27/2024 10:47
9e0093b0-f0fa-46e1-a267-8cd7bad76116,앱이 정말 활용하기 좋고 완성도가 높습니다,5,2/7/2024 23:29,안녕하세요. 더헬스 입니다. 고객님께 더 나은 서비스를 제공할 수 있도록 항상 노력하겠습니다. 감사합니다.,2/27/2024 10:47
2cdf54d6-6e90-4b93-8a75-b551ededd2fb,너무 좋아요,5,2/7/2024 16:12,안녕하세요. 더헬스 입니다. 고객님께 더 나은 서비스를 제공할 수 있도록 항상 노력하겠습니다. 감사합니다.,2/27/2024 10:47
04743916-5fb8-436c-8857-b86f9dcba0d2,운동량이 많으면 혜택이 더 커야 하는데 이를 반영해야 한다고 봄,5,2/6/2024 19:09,안녕하세요. 더헬스 입니다. 고객님께 더 나은 서비스를 제공할 수 있도록 항상 노력하겠습니다. 감사합니다.,2/27/2024 10:47
572746e1-54d5-4f6a-8cc0-374a71403ea9,건강관리에 도움이 되는 앱 칭찬해 칭찬해,5,2/6/2024 13:43,안녕하세요. 더헬스 입니다. 고객님께 더 나은 서비스를 제공할 수 있도록 항상 노력하겠습니다. 감사합니다.,2/27/2024 10:47
ea1dbd11-438c-4316-aa3b-0f71ec5a8625,수고하세요,4,2/6/2024 13:00,안녕하세요. 더헬스 입니다. 고객님께 더 나은 서비스를 제공할 수 있도록 항상 노력하겠습니다. 감사합니다.,2/27/2024 10:47
e4e871ba-7b5c-459c-b514-636655842b45,좋아요^^,5,2/6/2024 11:59,안녕하세요. 더헬스 입니다. 고객님께 더 나은 서비스를 제공할 수 있도록 항상 노력하겠습니다. 감사합니다.,2/27/2024 10:47
3c2f9d90-5754-4f9b-9fc4-c8b4e41a2efd,매일매일 기대됩니다.,5,2/6/2024 11:54,안녕하세요. 더헬스 입니다. 고객님께 더 나은 서비스를 제공할 수 있도록 항상 노력하겠습니다. 감사합니다.,2/27/2024 10:48
0bf25cd4-3fb4-437e-895a-a78e10201b2c,건강 챙기고 선물 받고,5,2/6/2024 9:10,안녕하세요. 더헬스 입니다. 고객님께 더 나은 서비스를 제공할 수 있도록 항상 노력하겠습니다. 감사합니다.,2/27/2024 10:48
413d4377-7e0b-40fa-83bd-bc4f31f288a7,편안한,5,2/6/2024 8:59,안녕하세요. 더헬스 입니다. 고객님께 더 나은 서비스를 제공할 수 있도록 항상 노력하겠습니다. 감사합니다.,2/27/2024 10:48
9526b67a-6df0-468e-838e-703bc2042072,건강을 위한 너무 좋은앱이예요~,5,2/6/2024 8:53,안녕하세요. 더헬스 입니다. 고객님께 더 나은 서비스를 제공할 수 있도록 항상 노력하겠습니다. 감사합니다.,2/27/2024 10:48
5af9b6ae-9dc0-4c84-8584-ef6ba0b70ce8,건강도 챙기고 이벤트도하고 너무좋아요~,5,2/6/2024 8:48,안녕하세요. 더헬스 입니다. 고객님께 더 나은 서비스를 제공할 수 있도록 항상 노력하겠습니다. 감사합니다.,2/27/2024 10:48
89538379-91d5-47de-b88a-fc3409d1d464,건강과 행운을 주는 최고 앱,5,2/6/2024 8:41,안녕하세요. 더헬스 입니다. 고객님께 더 나은 서비스를 제공할 수 있도록 항상 노력하겠습니다. 감사합니다.,2/27/2024 10:48
5c272c1f-fb2d-4652-aaed-3af3c4c46d24,더헬스때문에 매일매일 걷기습관이 되었어요 당뇨가있어서 운동을해야하는데 더헬스때문에 건강해지는거같에요 하루하루 활기차게 시작합니다 만족합니다,5,2/6/2024 8:40,안녕하세요. 더헬스 입니다. 고객님께 더 나은 서비스를 제공할 수 있도록 항상 노력하겠습니다. 감사합니다.,2/27/2024 10:48
484b8072-37ca-42f7-ace7-99c72bd2f7f4,더헬스을 통하여 운동이 더재미 있어요,5,2/6/2024 8:36,안녕하세요. 더헬스 입니다. 고객님께 더 나은 서비스를 제공할 수 있도록 항상 노력하겠습니다. 감사합니다.,2/27/2024 10:48
f92495bb-d601-4922-ac92-1c0b4862079e,당뇨로 인하여 걷는 것이 좋다고 하여 하루 1만건기를 시작한 지 어느새 2달이 지났다. 걸으면 건강해지고 간혹 경품도 받고 하니 일거양득인 것같다.,5,2/6/2024 8:35,안녕하세요. 더헬스 입니다. 고객님께 더 나은 서비스를 제공할 수 있도록 항상 노력하겠습니다. 감사합니다.,2/27/2024 10:48
cbccd93d-ad08-4faf-a5a9-e5d1707d8ac6,소소한 경품 이지만 받으니 기분이 좋네요. ㅎㅎ,4,2/6/2024 8:33,안녕하세요. 더헬스 입니다. 고객님께 더 나은 서비스를 제공할 수 있도록 항상 노력하겠습니다. 감사합니다.,2/27/2024 10:49
d14b125b-7035-4726-8af7-4c752b954556,더 움직이고 더 걷고싶게 만드는 앱!! 근육이 붙는거 같습니다.,5,2/6/2024 8:26,안녕하세요. 더헬스 입니다. 고객님께 더 나은 서비스를 제공할 수 있도록 항상 노력하겠습니다. 감사합니다.,2/27/2024 10:49
5fbc5d98-b65e-436e-a3d2-1fd8e426b430,열심히 걷고 경품도 챙기도 최고에요~~^^,5,2/6/2024 8:23,안녕하세요. 더헬스 입니다. 고객님께 더 나은 서비스를 제공할 수 있도록 항상 노력하겠습니다. 감사합니다.,2/27/2024 10:49
447b0547-23a3-44ef-a8c3-46011d63b666,운동 모션이 인식이 잘안되지만 잘 사용하고있습니다,5,2/6/2024 8:20,안녕하세요. 더헬스 입니다. 모션운동을 비롯해서 고객님께 더 나은 서비스를 제공할 수 있도록 항상 노력하겠습니다. 감사합니다.,2/27/2024 10:49
3651ab90-fc10-440b-b5cd-e3c6bf46e934,꽝 없는. 이벤트,5,2/6/2024 8:20,안녕하세요. 더헬스 입니다. 많은 고객님께 건강관리의 기쁨을 드릴 수 있도록 더욱 풍성한 이벤트를 준비할 수 있도록 노력하겠습니다. 감사합니다.,2/27/2024 10:51
b1aac497-57bd-4251-874a-f2214c5d2f23,건강을 체크할수있는 좋은 앱입니다,5,2/6/2024 8:20,안녕하세요. 더헬스 입니다. 고객님께 더 나은 서비스를 제공할 수 있도록 항상 노력하겠습니다. 감사합니다.,2/27/2024 10:51
a51753a9-9beb-4827-9d72-70147a2f8690,룰렛 당첨이 너무 안돼요. 자주되었으면해요.,4,2/6/2024 8:18,안녕하세요. 더헬스 입니다. 많은 고객님들께 룰렛 이벤트를 비롯하여 건강 관리의 기쁨을 느낄 수 있도록 이벤트를 구성하고 있지만 모든 고객님들의 눈높이를 맞추지 못하여 항상 부족함을 느끼고 있습니다. 앞으로 보다 많은 고객님들께 건강 관리의 기쁨을 드릴 수 있도록 더욱 노력하겠습니다. 감사합니다.,2/27/2024 10:52
26ba50c7-efdc-4b86-b7dd-3648e3a0bb94,운동도 더 열심히 할수있는 계기가 되어서 더 운동 열나하구요..또 선물도 받으니깐 넘 좋아요~~~,5,2/6/2024 8:17,안녕하세요. 더헬스 입니다. 고객님께 더 나은 서비스를 제공할 수 있도록 항상 노력하겠습니다. 감사합니다.,2/27/2024 10:52
3f4f2d05-d76c-4bfe-b1ca-d986127b5f17,더헬스앱을 사용하고 부터 건강에 더많은 관심을 갖게 되었어요!!,5,2/6/2024 8:17,안녕하세요. 더헬스 입니다. 고객님께 더 나은 서비스를 제공할 수 있도록 항상 노력하겠습니다. 감사합니다.,2/27/2024 10:52
8e50b9fc-0182-4c22-916d-398636c60b3c,굿,5,2/6/2024 8:16,안녕하세요. 더헬스 입니다. 고객님께 더 나은 서비스를 제공할 수 있도록 항상 노력하겠습니다. 감사합니다.,2/27/2024 10:53
7e0de41a-6b94-4e1a-a24b-6d5493f1cfd9,좋아요~,5,2/6/2024 8:16,안녕하세요. 더헬스 입니다. 고객님께 더 나은 서비스를 제공할 수 있도록 항상 노력하겠습니다. 감사합니다.,2/27/2024 10:53
6bead3f4-bef1-4a55-ae67-3cf7eb88744f,매일 이용하고 있어요 ^^,5,2/6/2024 8:16,안녕하세요. 더헬스 입니다. 고객님께 더 나은 서비스를 제공할 수 있도록 항상 노력하겠습니다. 감사합니다.,2/27/2024 10:53
7486b510-0ff5-4645-abfb-f696064f6cab,건강도 챙기면서 상품권도 얻을수 있어 좋아요,5,2/6/2024 8:14,안녕하세요. 더헬스 입니다. 고객님께 더 나은 서비스를 제공할 수 있도록 항상 노력하겠습니다. 감사합니다.,2/27/2024 10:53
7bdb417f-a7f0-4004-9a26-7fd7d14b34e1,최고예요~,5,2/6/2024 8:13,안녕하세요. 더헬스 입니다. 고객님께 더 나은 서비스를 제공할 수 있도록 항상 노력하겠습니다. 감사합니다.,2/27/2024 10:53
534c8351-0eef-4d53-ad08-8590dd81a6d4,매달 상품권 받는재미 굿,5,2/6/2024 8:11,안녕하세요. 더헬스 입니다. 고객님께 더 나은 서비스를 제공할 수 있도록 항상 노력하겠습니다. 감사합니다.,2/27/2024 10:53
25d93a71-f36f-4765-948e-8100d860cdb9,일부러라도 걷게되니 너무 좋네요,4,2/6/2024 8:06,안녕하세요. 더헬스 입니다. 고객님께 더 나은 서비스를 제공할 수 있도록 항상 노력하겠습니다. 감사합니다.,2/27/2024 10:53
b321480d-6009-484f-98a0-a07e182b71fa,나름 괞은 앱임,5,2/6/2024 8:04,안녕하세요. 더헬스 입니다. 고객님께 더 나은 서비스를 제공할 수 있도록 항상 노력하겠습니다. 감사합니다.,2/27/2024 10:53
64a898b5-b5f1-4e4b-ba71-5768d516b528,건강등급 좋아요,5,2/6/2024 7:17,안녕하세요. 더헬스 입니다. 고객님께 더 나은 서비스를 제공할 수 있도록 항상 노력하겠습니다. 감사합니다.,2/27/2024 10:53
d3e5b4eb-f584-4580-a663-8e1d95c276b6,"복잡하지 않고, 접근성이 편해서 유용하게 잘 사용하고 있습니다.",5,2/6/2024 7:17,안녕하세요. 더헬스 입니다. 고객님께 더 나은 서비스를 제공할 수 있도록 항상 노력하겠습니다. 감사합니다.,2/27/2024 10:53
7e3c016e-1cf4-4c6b-9381-aed7accbafcd,상상하던게 순간이뤄진듯!!,5,2/5/2024 12:29,안녕하세요. 더헬스 입니다. 고객님께 더 나은 서비스를 제공할 수 있도록 항상 노력하겠습니다. 감사합니다.,2/27/2024 10:53
771627dd-1d7d-4eaa-b792-e1853c63fc9d,더헬스로 건강해질거에요,5,2/5/2024 5:52,안녕하세요. 더헬스 입니다. 고객님께 더 나은 서비스를 제공할 수 있도록 항상 노력하겠습니다. 감사합니다.,2/27/2024 10:54
8fc7cb43-d3dd-4947-99fd-a754dec52ec5,Ux ui도 이쁘고 좋아요~~~,5,2/5/2024 5:47,안녕하세요. 더헬스 입니다. 고객님께 더 나은 서비스를 제공할 수 있도록 항상 노력하겠습니다. 감사합니다.,2/27/2024 10:54
e5463916-8334-44fb-af2e-61aa4ddb605b,사용하기 편리합니다 이벤트가 많습니당당당당다라당당당,5,2/5/2024 5:43,안녕하세요. 더헬스 입니다. 고객님께 더 나은 서비스를 제공할 수 있도록 항상 노력하겠습니다. 감사합니다.,2/27/2024 10:54
5b9f28f2-43ff-4f53-a9ee-84c9a59ad74c,음식 운동기록에 좋습니다! 이벤트도 잘 참여하고 있어요,5,2/5/2024 5:39,안녕하세요. 더헬스 입니다. 고객님께 더 나은 서비스를 제공할 수 있도록 항상 노력하겠습니다. 감사합니다.,2/27/2024 10:54
a92ee9a8-b38d-4812-9959-50a24358b070,더헬스로 건강관리하고 있어요.,5,2/5/2024 5:27,안녕하세요. 더헬스 입니다. 고객님께 더 나은 서비스를 제공할 수 있도록 항상 노력하겠습니다. 감사합니다.,2/27/2024 10:54
98c9db65-7750-4f7f-a447-d6b70b73d036,건강관리에 도움이 됩니다!! 특히 걷기 챌린지가 동기부여도 되고 재밌습니다. 보다 다양한 이벤트 기대할게요~,5,2/5/2024 4:42,안녕하세요. 더헬스 입니다. 고객님께 더 나은 서비스를 제공할 수 있도록 항상 노력하겠습니다. 감사합니다.,2/27/2024 10:54
d8cff02d-6b67-401e-87f4-0a5fabfc4bc8,유용합니다~!,5,2/5/2024 4:37,안녕하세요. 더헬스 입니다. 고객님께 더 나은 서비스를 제공할 수 있도록 항상 노력하겠습니다. 감사합니다.,2/27/2024 10:54
8c757493-bfaa-4416-822a-eae369601ac0,무슨 인증문자도 안 오는데 어캐 가입하라는거야,1,2/4/2024 0:57,,
60d23afc-835f-4fc2-8ed3-914f9d47d45b,건강도 챙기고 이벤트도 챙기고... 좋아요~,5,2/2/2024 6:50,안녕하세요. 더헬스 입니다. 고객님께 더 나은 서비스를 제공할 수 있도록 항상 노력하겠습니다. 감사합니다.,2/27/2024 10:57
a274e1a9-6073-46df-8aaf-4f2ca8b7d22e,모션운동이 굉장히 신기해요 인식이 아주 정확하지는 않지만 .. 기술 개발이 잘되면 집에서 개인맞춤PT느낌으로 더 많이 사용할 것 같습니다. 식사촬영은 일반 식단 어플들이랑 비슷한거 같아요 이벤트같은걸 많이 하던데 식사인증이랑 연계해서 해도 재밌을거같아요 ~~,5,2/2/2024 5:48,안녕하세요. 더헬스 입니다. 고객님께서 주신 저희 서비스에 대한 의견을 잘 참고하여 더 나은 서비스를 제공할 수 있도록 항상 노력하겠습니다. 감사합니다.,2/27/2024 10:57
dd4dbb39-77ff-498e-b7a4-b593625d038f,건강관리에 큰 도움이 되는 것 같습니다! 걷기 첼린지 등 다양한 이벤트도 정말 재밌어요!!,5,2/2/2024 5:32,안녕하세요. 더헬스 입니다. 고객님께 더 나은 서비스를 제공할 수 있도록 항상 노력하겠습니다. 감사합니다.,2/27/2024 10:57
b7635123-ee22-4aa7-b531-987b1df1d8c8,완전 좋아요,5,1/29/2024 1:33,안녕하세요. 더헬스 입니다. 고객님께 더 나은 서비스를 제공할 수 있도록 항상 노력하겠습니다. 감사합니다.,2/27/2024 10:57
2801689a-8a99-41fb-a13e-1da5717f5ede,전화번호 바꿀수 있는 곳도 없음. 처음 한번 정해지면 끝?,1,1/20/2024 18:01,,
3bff18d6-2a76-43b5-952b-b3feed6b742a,운동좋아,4,1/19/2024 23:58,안녕하세요. 더헬스 입니다. 고객님께 더 나은 서비스를 제공할 수 있도록 항상 노력하겠습니다. 감사합니다.,2/27/2024 10:59
0a87659d-4d86-4a17-91ab-2fa0c6402bf5,비밀번호 설정에서 넘어가질 않음 무슨 게속 삭제 해봤다가 다시해봐도 안돼고 캐시 삭제해봐도 안됌..,1,1/12/2024 13:33,,
beff9a3a-efec-4e6e-b3ae-5cd5dff45929,운동하기싫어해는데 데이터가있으니 하게되네요,5,12/29/2023 22:41,안녕하세요. 더헬스 입니다. 고객님께 더 나은 서비스를 제공할 수 있도록 항상 노력하겠습니다. 감사합니다.,2/27/2024 10:59
7730cc37-c80d-427e-b66a-3e9ff16d0dd9,진짜더럽고 더러워서 안한다 한달 25일 해서1000원이냐 꺜퉤퉤퉤,1,12/29/2023 18:28,안녕하세요. 더헬스 입니다. 더헬스 이용에 따른 혜택을 더 크게 드리지 못하여 죄송합니다. 앞으로 건강 관리의 기쁨을 느낄 수 있도록 더욱 매력적인 이벤트를 준비할 수 있도록 노력하겠습니다. 감사합니다.,2/27/2024 11:00
d366e3a8-26ac-42ba-b7d4-0b707d184e77,네이버페이 포인트 왜 안주나요?,1,12/24/2023 8:07,안녕하세요. 더헬스 입니다. 더헬스를 이용해 주셔서 감사합니다. 더헬스 가입시 지급되는 여러 플랫폼사의 포인트는 해당 광고를 확인한 플랫폼사에 문의 부탁드립니다. 보다 확실한 도움을 드리지 못해 죄송합니다.,2/27/2024 11:01
c74647c0-69d6-44d6-a5bb-d1fcb0741031,경이가 해보라고 해서 한거는 진짜 아닌데 이거 진짜 좋네요. 건강검진도 연동되고 하루하루 체크하면서 건간해지는게 앱에서도 거울에서도 보이네요. 좋은 앱 만들어주셔서 감사합니다. 슈키 짱 근데 경이야 잘지내지 연락좀 하고 지내자 1년만에 이런 연락은 좀,5,12/20/2023 5:58,안녕하세요. 더헬스 입니다. 고객님께 더 나은 서비스를 제공할 수 있도록 항상 노력하겠습니다. 감사합니다.,2/27/2024 11:02
425af879-d229-4cfa-85f7-551ddd4a9e44,편리함,5,12/13/2023 6:09,안녕하세요. 더헬스 입니다. 고객님께 더 나은 서비스를 제공할 수 있도록 항상 노력하겠습니다. 감사합니다.,2/27/2024 11:02
c03f81e6-3519-469b-bcac-20b565444067,조아,5,12/9/2023 22:31,안녕하세요. 더헬스 입니다. 고객님께 더 나은 서비스를 제공할 수 있도록 항상 노력하겠습니다. 감사합니다.,2/27/2024 11:02
017d3ccc-78c2-4096-b5a4-2eb06fb6d386,사용하는알림있어서.잊어버리지않고.운동할수있어서좋아요,4,11/29/2023 20:11,안녕하세요. 더헬스 입니다. 고객님께 더 나은 서비스를 제공할 수 있도록 항상 노력하겠습니다. 감사합니다.,2/27/2024 11:02
c5c4dad7-072b-4f15-951a-2a6406cbdda3,역시 삼성입니다. 네이버에 쿠키 주기싫어서 막아버리고...배구 야구 삼성 팬 이였던게 부끄럽네요,1,11/20/2023 17:09,안녕하세요. 더헬스 입니다. 더헬스를 이용해 주셔서 감사합니다. 더헬스 가입에 따른 포인트 지급은 해당 광고를 확인하신 플랫폼사에 문이 부탁드립니다. 보다 명확한 도움을 드리지 못해 죄송합니다.,2/27/2024 11:03
12f60b4f-39e0-4aed-b3e3-0f76c110339a,몇 번이나 다시 깔아도 실행이 안됩니다.,1,11/15/2023 6:33,,
721d6fac-1479-4db2-a682-7acec3708029,챌린지 종료후 걷기순위확인 시 무한로딩 발생하여 순위확인이 불가합니다. 에러 확인 부탁드립니다. 제50회 사랑의 걷기 입니다,4,11/15/2023 4:51,,
00004e78-1e7f-48a5-a77f-33df34873fc0,앱이 설치는 되는데 켜면 로고화면에서 무조건 틩깁니다... 이런 현상이 왜 발생하는지 모르겠어요...,1,11/8/2023 11:27,,
173d902e-c611-40b6-94e3-7360af8b9f76,"설치만 되고, 열리지도 않는 건 저 뿐인가요? 이런 앱을 걷기챌린지에 활용하라는 회사도 이해가 안 되네요.",1,11/2/2023 2:03,,
af95664d-ee04-49f9-bd45-13810d6c8cff,회원가입 인증번호가 안와요 문의를 어디에 드려야되는지도 안써있는데 어떻게 해야하나요,1,11/1/2023 3:15,,
ce2e6277-abdf-41be-832a-3d3d1f57d1ee,"삼성헬스 연동하기 눌러도 변경도 안되고, 문의해도 답변도 없고 이런식으로 관리할거면 앱을 왜 만들었나요?? 관리 부탁드립니다.",1,10/25/2023 8:43,,
4d171dae-1b17-40b7-8cc5-718d472c5754,이벤트왜합니까 담 페이지로 안넘어가고 죽도록인증해도 안되는 이 허접한 앱을 삼성에서 만들었다니 어이엄네요,1,10/22/2023 17:38,,
788f4eb2-1155-480c-bd46-7be807760c41,좋아요,5,10/22/2023 8:47,안녕하세요. 더헬스 입니다. 고객님께 더 나은 서비스를 제공할 수 있도록 항상 노력하겠습니다. 감사합니다.,2/27/2024 11:03
e706b0f2-d2ab-476d-bc4e-b561ed6deb75,이 앱은 혜택이 뭐가 있는거지? 다음기회만 나오는 룰렛외에 다른게 있는건가?,1,10/17/2023 13:33,안녕하세요. 더헬스 입니다. 보다 많은 고객님들께 건강 관리의 기쁨을 전달드리지 못해 죄송합니다. 앞으로 더욱 많은 분들이 혜택을 볼 수 있는 이벤트들을 선보일 수 있도록 노력하겠습니다.,2/27/2024 11:04
ac412349-554c-4c9b-b6c7-61ae489a1cab,회원탈퇴는 어떻게 하나요,4,10/15/2023 15:13,,
e7933812-02bc-43c5-af80-4d3a7fabe4a8,고객센터 전화번호가 없어서 여기에 문의남깁니다. 로그인하려고했더니 ERROR (500) Internal server error 라고나오면서 로그인이 안됩니다. 비밀번호 재설정해도 동일하게 나오는데 어떻게 해결해야되나요?,1,10/6/2023 9:14,,
fa3730b5-c340-4d51-b045-e72c5cf31da3,무조건 회원가입,1,10/5/2023 2:46,,
a3e7031e-dc68-47a7-809e-cfa416ec475d,만족만족합니다.,5,10/5/2023 1:55,안녕하세요. 더헬스 입니다. 고객님께 더 나은 서비스를 제공할 수 있도록 항상 노력하겠습니다. 감사합니다.,2/27/2024 11:05
83480cc3-ae26-4c2a-825e-fafaca4f9b46,앱 사용이나 챌린지 등에 대한 문의는 어디에다 해야합니까? 앱 내에 1:1 문의가 있어 질문했는데 답변을 안달아주면 있으나 마나 한 것 아닌가요..?,1,10/4/2023 18:04,,
e4078c2d-6242-45b0-8a77-78650e88e321,찾기 편리하네요,5,10/2/2023 0:44,,
6cdc72dc-10bc-4c49-9181-001baf6722a2,처음 회원가입부터 거부감들어요 왜 주민등록번호가 필요한건지? 그것도 뒷자리까지? 그냥 안 하고 맒.,1,10/1/2023 18:26,,
78ef5737-4c16-4adc-9ab7-fd273a2e3432,좋아요,5,9/26/2023 5:38,,
49fc8319-845b-4dab-b206-dac45d8013b1,안되서 메일보냈는데 확인바랍니다. 너무 안읽으시네요,1,9/20/2023 13:45,,
aff30cc1-685b-47d8-802b-db80142e8208,별 도움도 안되는 공간차지 앱입니다,1,9/17/2023 22:53,,
2caceac0-c2cb-4078-80f1-dff8bb6b6ea0,앱이 열리지도 않아 !!,1,9/17/2023 18:34,,
e25fd05c-610a-4009-bc13-8ca64398e91e,정말감사합님담욤^^사랑합님담욤,5,9/15/2023 16:32,,
8a1f8ab2-5544-4e7b-8621-e6367f416591,카카오페이지 에서 가입하면 케시준다길래 다운로드 하고 가입했는대. 삼성계정 연동2차인증 까지다했는대 마지막에 오류 오류 오류. 하라는대로 다했는대 케시주기실어서 사기친거냐?? 사기꾼색기들 별하나도 아깝다,1,9/6/2023 12:58,,
1732c09e-24a1-4ea2-9375-4c0e7bf0db13,더헬스라는 앱을 회원가입 하지도 않고 들어가자마자 본인 이름이랑 주민번호 앞자리랑 번호 적으래서 적었는데 pass 어플 알림으로 삼성 생명에서 금융 거래 신청 알림이 뜨는데 이건 뭔가요? 안내글에 가입 시도하면 돈 나간다는 얘기는 없었던 것 같은데 말 그대로 그냥 금융 거래 신청 알림만 뜬 건가요? 아님 제 계좌나 소액결제로 돈이 결제가 되는 건가요?,1,9/5/2023 15:37,,
07725434-3d16-495b-ba57-6146c40728a6,아주 유용합니다.,5,9/4/2023 14:33,,
d9cccdb6-22cd-4c33-a8c2-cb5d17d0ba7f,좋아요,5,9/3/2023 23:46,,
51bd7f5c-caff-45b1-bd7a-d7de9d7932e7,휴대폰 본인 확안 하는데 인증번호가 안와요,1,9/3/2023 9:16,,
ada5bffe-885c-48e0-a072-9af6722d77d1,☆☆☆☆☆,5,8/29/2023 5:15,,
61c7a25c-0759-4fb8-af5b-60d195b039f7,이 앱을 추천하지 않으면습니다 불편점 어청 많아요,1,8/25/2023 9:50,,
8fd863e3-6e81-4eeb-aa0e-11e4f02f66d6,아니 3세 설치 가능인데 14세 미만은 못하게 하는건 뭔가요..,1,8/23/2023 14:41,,
46de0bd1-b350-4261-a5cd-2e065524acab,가이드대로 다 하고 초록색인 상태로 시작해도 사이드밴드 빼고 동작인식 하나도 안됨,1,8/17/2023 13:11,,
9adb790b-ab19-45b3-b25e-1a8f3c765ae7,에러500으로 로그인 안되는데 왜그런거죠?,1,8/9/2023 16:03,,
2ea25c05-9bc1-441a-b5c0-22f4da1fbbc6,식사 매번 .찍기만 해듀 칼로리 계산해주니까 좋아요,5,8/8/2023 4:50,,
ca5fee76-444f-4c75-bdd0-f986789262cc,즐거운 경험을 주는 어플이에요,5,8/8/2023 3:26,,
73dc7682-bcfb-4d76-92b1-8e1c5fd22fac,중1인데 한번 해보고 싶어서 도전하려고 했더니 미성년자라네요…. 이런 거에 나이 제한은 좀….,1,8/7/2023 11:25,,
0886275a-d979-4a2d-9457-ecc489e2a465,운동 시작을 누르면 영상소리만 들리고 영상은 검은 화면으로만 나오네요,2,8/7/2023 8:33,"안녕하세요. 더헬스 입니다.
더헬스 이용에 불편을 드려 죄송합니다.
모션운동의 경우 네트워크 환경이 불안정할 때 유사한 현상이 나타납니다.
데이터 혹은 와이파이가 안정적인 환경에서 시도 부탁드리며 그럼에도 안될 경우
앱 1대1 문의 게시판에 작동이 되지 않는 화면 캡쳐 이미지를 첨부하시어 재문의 부탁드립니다.
감사합니다.",8/8/2023 6:45
16027598-f652-4cad-9443-a818c9c7e7a7,좋습니다,5,8/7/2023 0:24,"안녕하세요. 더헬스 입니다.
고객님께 더 나은 서비스를 제공할 수 있도록 항상 노력하겠습니다.
감사합니다.",2/27/2024 9:10
993eb87b-e1b1-4491-bbf6-46596f5d1843,"식사/운동 뿐 아니라 마음 건강까지 챙길 수 있고 이벤트와 챌린지도 종종 있어, 매우 유용합니다!",5,8/2/2023 4:41,"안녕하세요. 더헬스 입니다.
고객님께 더 나은 서비스를 제공할 수 있도록 항상 노력하겠습니다.
감사합니다.",2/27/2024 9:11
44ed9611-7633-44d6-9764-d346fafe5c11,건강과 관련된 다양한 챌린지와 이벤트가 많네요^^ 지금 9주 동안 진행하는 챌린지에 참여하게 되었는데 챌린지를 하다보니까 루틴도 생긴것 같아 좋습니다.,5,8/2/2023 2:33,"안녕하세요. 더헬스 입니다.
고객님께 더 나은 서비스를 제공할 수 있도록 항상 노력하겠습니다.
감사합니다.",2/27/2024 9:11
03411158-e424-46ea-b059-46467672f447,편리하게 잘 구성되어있습니다:),5,8/2/2023 2:26,"안녕하세요. 더헬스 입니다.
고객님께 더 나은 서비스를 제공할 수 있도록 항상 노력하겠습니다.
감사합니다.",2/27/2024 9:11
a3fd6307-410d-4694-8992-84c0ac75b0fb,다른 건강관리 앱보다는 깔끔해서 좋음 그런데 앱 안정성만 조금 더 업데이트해줬으면 좋겠는게 자주 튕기는 현상 발생함(갤노트20),5,8/2/2023 1:50,"안녕하세요. 더헬스 입니다.
더헬스를 이용해주셔서 감사드립니다.
의도치 않은 앱 종료가 계속 발생하실 경우 오류 현상이나 팝업 내용을 캡쳐하셔서
앱 내 1:1문의로 요청 주시면 확인 후 조치 도와드리겠습니다.
감사합니다.",2/27/2024 9:13
8c827cc7-82f0-41b5-b051-26e787202bec,전반적으로 식단관리나 데일리 운동 등 여러 프로그램이 잘 되어있는 편 같아요,5,8/2/2023 1:38,"안녕하세요. 더헬스 입니다.
고객님께 더 나은 서비스를 제공할 수 있도록 항상 노력하겠습니다.
감사합니다.",2/27/2024 9:13
15212c6e-ec04-495c-bc46-c561bc782654,네이버 쿠키얻기 딱 좋아요,5,7/30/2023 14:02,"안녕하세요. 더헬스 입니다.
고객님께서 지속적으로 서비스를 이용하실 수 있도록 더욱 노력하겠습니다.
감사합니다.",2/27/2024 9:14
9d989e64-0ba0-49ee-b799-cfd47f900b5f,자꾸 에러500 뜨면서 로그인 안되는데 이유좀요,1,7/29/2023 1:53,"안녕하세요. 더헬스 입니다.
이용에 불편을 드려 죄송합니다.
에러가 발생한 시점에 해당하는 화면을 캡쳐하셔서
healthcare.sli@partner.samsung.com 으로 보내주시면 확인 후
조치 도와드리겠습니다.
감사합니다.",2/27/2024 9:19
2814065f-f55c-4100-88d2-3725333127ea,가입했는데 Internal sever error 500뜨면서 로그인안되요 탈퇴라도 하게해줘요ㅡㅡ,1,7/25/2023 10:54,"안녕하세요. 더헬스 입니다.
이용에 불편을 드려 죄송합니다.
에러가 발생한 시점에 해당하는 화면을 캡쳐하셔서
healthcare.sli@partner.samsung.com 으로 보내주시면 확인 후
조치 도와드리겠습니다.
감사합니다.",2/27/2024 9:20
7b72e16c-a376-451d-9565-aeb7985581a6,모션운동이 전혀 인식이 안되네요. 아예 모션운동 없애고 동작설명을 넣는게 더 나을듯,1,7/24/2023 5:24,"안녕하세요. 더헬스 입니다.
더헬스 이용에 불편을 드려 죄송합니다.
모션운동 서비스를 향후 꾸준히 개선하여 더욱 쾌적한 모션운동 서비스 이용이 될 수 있도록 하겠습니다.
감사합니다.",8/8/2023 6:52
8cdc4def-af98-48d7-9acb-1ba440447d9e,설치하고모든권한허용하였어나다음단계안됨 탈퇴기능도없어서 개인정보까지권한삭제못하고앱삭제만하고나옴 보험과연계하여개인정보만빼가는것임,1,7/23/2023 18:22,"안녕하십니까. 더헬스 입니다.
더헬스 이용에 불편을 드려 죄송합니다.
더헬스를 더이상 사용하지 않길 원하신다면 전체메뉴 > 마이페이지 > 내정보 관리 페이지에 접속 하시어
회원 탈퇴를 하실 수 있습니다. 탈퇴 시 모든 개인정보는 삭제 됩니다.
감사합니다.",8/8/2023 6:53
4a4b803d-144e-4f2b-9024-db25daecd2bb,앱 오류 많음,1,7/22/2023 5:54,"안녕하세요. 더헬스 입니다.
더헬스 이용에 불편을 드려 죄송합니다.
더헬스를 이용하시면서 붎편했던 점들을 앱 1대1문의 게시판에 남겨주시면 고객님의 의견을 적극 반영할 수 있도록 하겠습니다.
감사합니다.",8/8/2023 6:54
c5b589f2-de3a-4b8d-a6e5-a737f413fa3b,앱 실행 안됨. 쓰레기,1,7/22/2023 5:12,"안녕하세요. 더헬스 입니다.
더헬스 이용에 불편을 드려 죄송합니다.
앱 재설치 후 같은 현상이 일어날 경우 아래 메일 주소로 재문의 해주시길 바랍니다.
healthcare.sli@partner.samsung.com
감사합니다.",8/8/2023 6:57
ebef6a2f-413d-4023-9b10-602d0c62f7ef,가입하고나서 그 이후부터는 첫화면에서 넘어가질 않습니다...하....,1,7/22/2023 4:21,안녕하세요. 더헬스 입니다. 더헬스 이용에 불편을 드려 죄송합니다. 앱 재설치 후 같은 현상이 일어날 경우 아래 메일 주소로 재문의 해주시길 바랍니다. healthcare.sli@partner.samsung.com 감사합니다.,8/8/2023 6:57
8fd54877-f577-49b8-9141-c86077278f53,렉 심해요,1,7/21/2023 21:16,"안녕하세요. 더헬스 입니다.
더헬스 이용에 불편을 드려 죄송합니다.
어떤 서비스를 이용할 때 렉이 심한지 등 상세 내용을 앱 1대1 문의 게시판에 남겨주시면
더욱 원활한 서비스 이용을 위한 개선 작업에 참고하도록 하겠습니다.
감사합니다.",8/8/2023 6:58
cb7feb9e-6202-45db-ae26-2fe47083265f,"뭔 앱이 실행 자체가 안 되냐,,,",1,7/17/2023 7:26,안녕하세요. 더헬스 입니다. 더헬스 이용에 불편을 드려 죄송합니다. 앱 재설치 후 같은 현상이 일어날 경우 아래 메일 주소로 재문의 해주시길 바랍니다. healthcare.sli@partner.samsung.com 감사합니다.,8/8/2023 6:58
93391e45-6863-4670-ab22-a57ad6ec8083,"뭐 이제껏 그렇게 불만이 없었지만 오늘 일화가 대박이라 리뷰 하나 어차피 당첨도 안 되겠지만 룰렛이, 뿐만 아닌, 나 말고 타인도 룰렛출첵 이외에 다른 기능 쓸 일이 있었을 터 근데 주말이라도 23/07/16 지금 금일 당일 점검 09~22시 때려버리는 클라스 레전드 어플! 점검이 (예정시간 보다 조금 더 빠른 점검 = 빠른 업뎃 그런 거 없음 아 ㅋㅋㅋ 몰라 약속 딱 맞춰서 지킬 거라고)",1,7/16/2023 13:47,"안녕하십니까. 더헬스 입니다.
더헬스 서비스를 더욱 안정적으로 제공하고자 점검을 진행하였으며 그 시간동안 룰렛을 비롯한 더헬스 서비스 사용에 제한을 드려 죄송합니다.
향후 점검 등으로 제한되는 시간을 최소화 할 수 있도록 하겠습니다.
감사합니다.",8/8/2023 7:00
c3bc5522-529c-41f8-9e71-cb237d7154dc,회사에서 걷기챌린지로 매우 잘 활용하고 있습니다. 다만 워치와 연동이 되다보니 본래의 취지와는 다르게 걷기없이 걸음수만 올리는 부정한 경쟁이 많이 발생하고 있습니다.(신뢰성저하) 걸음수 인식시 gps의 이동여부도 인식해서 gps의 느린 이동이 있을때만 걸음수가 카운트될수 있도록하면 더 공정한 챌린지 구현이 가능할것 같습니다. 이 경우 런닝머신에서의 운동이 인식되지않을 수 있겠지만 챌린지의 취지가 '워킹'이니깐 부합될수 있을것입니다.,5,7/12/2023 2:28,,
7e107670-5710-4db6-ba4f-08e78a06eddb,불편합니다,1,7/7/2023 2:20,"안녕하십니까. 더헬스 입니다.
더헬스 이용에 불편을 드려 죄송합니다.
앱을 사용하시면서 불편했던 상황들을 앱 1대1 문의 게시판에 남겨주시면
불편사항들에 대한 적극적인 개선 조치를 하도록 노력하겠습니다.
감사합니다.",8/8/2023 7:03
f4d31c25-d59f-4398-851e-8aca93806df1,카카오 페이지에서 회원가입하면 1000캐시 받는걸 참여했는데 캐시가 안들어오네요 카카오 페이지에 문의는 남겼습니다,1,6/22/2023 12:40,,
9bfef24a-b470-4fe3-bc58-4fdd234b50b7,ㅉㆍㅣㅈ ㅣ.치ㅣ,5,6/21/2023 23:39,,
029164e7-bd8c-406c-8d9b-3380f2bf00ef,앱만 들어갈려고 하면 자꾸 튕기네요... 그래서 아래에 나온대로 한번 제거하고 난뒤 다시 깔아서 실핼시켜봐도 별반 발라지질 않네요,1,6/20/2023 15:53,,
7fc160dd-2c35-42ac-a61b-a95ea467b587,500 internal server error,1,6/17/2023 10:51,,
70621d49-5b49-4301-9d2d-aacbf80acd4c,접속 하루종일 안댐,1,6/17/2023 3:04,,
2d55fbbd-3631-4e1d-a3c0-e0401476adc8,디지로카같은거 없는데 왜 무한 로딩인가요 화나게하지마세요,1,6/16/2023 17:19,,
d20b3260-bfdd-4d82-a1d5-a41af534dcbc,좋아요,5,6/14/2023 15:06,,
8cc5ce9e-b9f4-4bec-ac13-70c3f1fa8658,편리하고 좋아요,5,6/7/2023 17:08,,
97076cf4-2eb6-4521-a6d2-39df1675e118,카카오 이벤트로 가입했는데 캐시 지급이 안됩니다,1,6/6/2023 8:12,,
e76a28f4-78f2-4a33-8a0b-76613ccd7a2d,좀 더 시간을 가지고 판단하겠습니다.,4,5/24/2023 6:58,,
d9804eb0-873c-4119-8b93-237e01fe6725,고맙소,5,5/24/2023 2:21,,
c6e344b8-10da-4caa-92ae-9c3b7a83140c,별로임 상태 인식을 제대로 못함,1,5/23/2023 19:21,,
3f14ea63-2cf1-4fd4-9a55-4bb032f85af2,도대체 롯데카드앱도 없는데 왜 로딩중일까요? 잘 쓰다가 반복적으로 삭제후 재 설치 그래도 뺑뺑이만.. 언제나 제대로 작동할까요?,1,5/22/2023 6:57,,
5f3f568b-5c50-4af6-9fc6-a94b22dfb732,포인트 잘 들어옴,4,5/17/2023 4:25,,
60215335-7659-41a6-b35a-094a428156db,카카오페이지 포인트 받으려고 했는데 삼성생명 에서 인증 왔다고 pass에 뜨더라고요. 이거 돈 나가는 거였나요?,5,5/15/2023 16:30,,
8930baf4-56db-44ab-83e0-bc902099c8bc,포인트가안나오네요,1,5/13/2023 5:25,,
4bb3d360-a891-4ec9-89a4-5d2fd7d23258,본인확인 인증 시 인증문자가 안와요,1,5/10/2023 7:47,,
e8783776-3079-4576-9f9b-17d685af651d,개굿,5,5/8/2023 1:46,,
fb01857c-8b82-4ad6-b438-653a5779713b,참나 배민때문에 가입했더만 챌린지도 없고 대답도 없고 준비도 안된 상태에서 뭔 광고를ㅡㅡ탈퇴하고 지웁니다,1,4/28/2023 0:51,,
043e9741-82c6-44cc-809f-abbaf0c1a005,"좋은데, 식단 체크의 정밀도, 정확성이 필요함. 삼성워치와 상호 연결하여 참고할수 있다면 훨씬 유용할 것임",4,4/26/2023 22:46,,
29151feb-2194-4a39-acd6-bb33a9e50e35,맛있어요,4,4/25/2023 12:41,,
ab1681e2-78ef-4521-ac46-364193c6d3dd,인증문자 안옵니다. 앱 재설치해도 마찬가지..,1,4/19/2023 9:21,"안녕하세요. 더헬스 입니다.

더헬스 이용에 불편을 드려 죄송합니다.
인증문자가 오지 않는 경우들 중 대부분 인증문자 번호가 차단된 경우가 많습니다.
수신차단 혹은 스팸처리된 연락처 중 1588-3114 가 있을 경우 수신차단 혹은 스팸처리를 해제하신 후
재시도해주시길 바랍니다.

감사합니다.",4/25/2023 7:53
d7a38d69-93d3-4a3c-b2f6-f0af87986d2c,"삼성헬스와 연동을 하기 위해, 모든 권한을 클릭해야하는데 반응이 없어요",1,4/10/2023 5:41,"안녕하세요. 더헬스 입니다.

해당 오류 화면을 캡쳐 혹은 녹화하시어 healthcare.sli@partner.samsung.com 으로 메일 주시면
확인하여 신속히 응답 드리겠습니다.

감사합니다.",4/25/2023 7:55
a764d2ae-cafe-4b05-8a79-38fc09024685,해당 앱을 사용하려면 왜 정확한 위치 (ACCESS_FINE_LOCATION) 권한 허용해야됩니까??? 필수로 설정해놓고 아무런 사전 설명 없이 해당 권한 요청하면 안되는거 아닙니까? 제 위치와 무슨 상관이죠? 앱을 설치하자마자 바로 삭제해버렸음.,1,4/9/2023 4:33,"안녕하세요. 더헬스 입니다.

생활건강 서비스 중 병원, 약국을 검색하는 기능을 활용하기 위해선 해당 권한이 필요합니다.
말씀주신대로 향후 권한 요청시 그 사유에 대한 명확한 설명을 추가하도록 하겠습니다.

감사합니다.",4/25/2023 7:56
25d94225-feb5-4231-a8f4-25edef0a0e0b,어차피 삼성헬스랑 연동하는거 걷기말고도 자전거 타고 이동할 때도 트래핑 되게 해주세요. 자전거로 주4일 이상을 10km 이동하는데 인정을 안 해주네요... 인정해주면 그럼 바로 5점인데...,3,4/4/2023 2:44,"안녕하세요. 더헬스 입니다.

더헬스를 이용해 주셔서 감사합니다.
고객님과 같이 건강관리를 위해 열심히 운동을 하시는 분들의
모든 건강관리 니즈를 충족시키고자 노력하고 있으나 현재 더헬스가 제공중인 서비스 중
고객님이 말씀주신 내용을 도와드릴 서비스는 부재한 상황입니다.

자전거 타기 등 건강관리를 열심히 하시는 고객님의 니즈를 잘 반영하여
향후 더헬스가 다양한 운동 기록을 관리 할 수 있도록 고객님의 의견을 잘 반영하도록 하겠습니다.

감사합니다.",4/25/2023 7:58
7fb0840a-f533-439f-a591-86510622f2f7,잘 사용하고 있습니다 :),5,4/2/2023 23:59,,
efb04b68-caa5-4d0e-a2a9-1dcb149b1d96,🥕,5,4/2/2023 23:18,,
dad624ba-f6d8-45a5-9b41-9440caf2bf7a,좋은 정보가 많아요! 강추강추,5,4/2/2023 23:17,,
73074551-5a12-4840-bfc5-8fe8c66a3f12,굳,5,4/2/2023 23:16,,
ee8b5a8a-091f-475e-b391-fc9b10812c4a,모션인식이잘.안되요,1,3/11/2023 11:41,안녕하세요. 더헬스 입니다. 더헬스 모션운동 서비스 이용에 불편을 드려 죄송합니다. 더불어 해당 불편 사항을 저희 더헬스에 공유해 주셔서 감사드립니다. 관련 부서에 내용 공유하여 서비스 개선이 이루어 질 수 있도록 노력하겠습니다. 앞으로도 고객님의 의견을 적극 수용하여 고객님의 건강관리를 위해 더 나은 서비스를 제공하겠습니다. 감사합니다.,3/21/2023 1:51
6e07800f-9984-4d60-873c-123a933e4081,모션인식을못해요,1,2/25/2023 4:45,"안녕하세요. 더헬스 입니다.
더헬스 모션운동 서비스 이용에 불편을 드려 죄송합니다.
더불어 해당 불편 사항을 저희 더헬스에 공유해 주셔서 감사드립니다.
관련 부서에 내용 공유하여 서비스 개선이 이루어 질 수 있도록 노력하겠습니다.
앞으로도 고객님의 의견을 적극 수용하여 고객님의 건강관리를 위해 더 나은 서비스를 제공하겠습니다.
감사합니다.",2/27/2023 0:33
f2bdb649-b677-472c-a8ca-d8aeda8f2ea1,앱실행이 갑자기 안됩니다 메일보내도 읽지도 않고 연락주세요,1,2/23/2023 3:53,"안녕하세요. 더헬스 입니다.
관련 오류와 관련하여 2월 23일 13:21 경 메일 회신을 드렸습니다.
메일 확인 후 조치 부탁 드리며 동일 오류가 반복될 시 같은 메일로 알려주시면
적극 응대 드리겠습니다.

감사합니다.",2/27/2023 0:34
acfd91ab-8b2c-4890-96b6-8e9242ed6227,설치 후 실행 안되었는데 신속한 답변 감사 드립니다. 잘 이용하겠습니다.,5,2/23/2023 3:51,"안녕하세요. 더헬스 입니다.

더헬스 이용에 불편을 드려 죄송합니다.
현재 발생되신 오류가 웹화면에서 로딩이 반복되는 채로 앱이 실행되지 않은 오류일 경우 아래 내용을 참조 바랍니다.
현재 해당 오류와 유사한 여러 케이스를 확인하였을 때 '디지로카'(롯데카드 어플)의 최근 업데이트와 연관되어 있을 것으로 판단하고 있습니다.(5.2.11 버전으로 업데이트)
따라서 플레이스토어 접속 하시어 '디지로카' 어플을 5.2.11 버전으로 업데이트 하시거나 혹은 '디지로카' 어플을 제거하시면 더헬스를 정상적으로 사용이 가능하십니다.
향후 유사한 오류가 발생하지 않게 더욱 신뢰성 높은 더헬스가 되도록 노력하겠습니다.

감사합니다.",2/23/2023 1:35
9877daa8-ce34-4ed1-9081-a83404107dc5,접속이 안되는데 무슨 문제가있나요? 삭제하고 다시 다운 받아도 소용없습니다. 감사합니다 말씀주신대로 하니 잘됩니다.,5,2/23/2023 2:23,"안녕하세요. 더헬스 입니다.

더헬스 이용에 불편을 드려 죄송합니다.
현재 발생되신 오류가 웹화면에서 로딩이 반복되는 채로 앱이 실행되지 않은 오류일 경우 아래 내용을 참조 바랍니다.
현재 해당 오류와 유사한 여러 케이스를 확인하였을 때 '디지로카'(롯데카드 어플)의 최근 업데이트와 연관되어 있을 것으로 판단하고 있습니다.(5.2.11 버전으로 업데이트)
따라서 플레이스토어 접속 하시어 '디지로카' 어플을 5.2.11 버전으로 업데이트 하시거나 혹은 '디지로카' 어플을 제거하시면 더헬스를 정상적으로 사용이 가능하십니다.
향후 유사한 오류가 발생하지 않게 더욱 신뢰성 높은 더헬스가 되도록 노력하겠습니다.

감사합니다.",2/23/2023 1:35
63fe477e-ae8e-4ab7-8496-ddd246542c37,설치를 다시하기흘 벌써 몇번째인데 설치후 앱 실행이 안됩니다,1,2/22/2023 3:35,"안녕하세요. 더헬스 입니다.

더헬스 이용에 불편을 드려 죄송합니다.
현재 발생되신 오류가 웹화면에서 로딩이 반복되는 채로 앱이 실행되지 않은 오류일 경우 아래 내용을 참조 바랍니다.
현재 해당 오류와 유사한 여러 케이스를 확인하였을 때 '디지로카'(롯데카드 어플)의 최근 업데이트와 연관되어 있을 것으로 판단하고 있습니다.(5.2.11 버전으로 업데이트)
따라서 플레이스토어 접속 하시어 '디지로카' 어플을 5.2.11 버전으로 업데이트 하시거나 혹은 '디지로카' 어플을 제거하시면 더헬스를 정상적으로 사용이 가능하십니다.
향후 유사한 오류가 발생하지 않게 더욱 신뢰성 높은 더헬스가 되도록 노력하겠습니다.

감사합니다.",2/23/2023 1:36
ad73c6ff-9cfa-40b1-9ae8-6e3a3fd053cc,모웹으로 넘어가더니 실행안됨 무한로딩중..,1,2/22/2023 1:03,"안녕하세요. 더헬스 입니다.

더헬스 이용에 불편을 드려 죄송합니다.
현재 해당 오류와 유사한 여러 케이스를 확인하였을 때 '디지로카'(롯데카드 어플)의 최근 업데이트와 연관되어 있을 것으로 판단하고 있습니다.(5.2.11 버전으로 업데이트)
따라서 플레이스토어 접속 하시어 '디지로카' 어플을 5.2.11 버전으로 업데이트 하시거나 혹은 '디지로카' 어플을 제거하시면 더헬스를 정상적으로 사용이 가능하십니다.
향후 유사한 오류가 발생하지 않게 더욱 신뢰성 높은 더헬스가 되도록 노력하겠습니다.

감사합니다.",2/23/2023 1:33
b84a436f-7d4a-4264-b701-ea3d42d1789a,"더 이상 관리 안하고 방치하는건가요?설치하고 앱 접속하면,실행이 안돼내요.몇번을 지웠다,다운받기를 반복하다가 인내심의 한계를 느끼다가 글 남깁니다.",1,2/21/2023 13:57,"안녕하세요. 더헬스 입니다.

더헬스 이용에 불편을 드려 죄송합니다.
현재 발생되신 오류가 웹화면에서 로딩이 반복되는 채로 앱이 실행되지 않은 오류일 경우 아래 내용을 참조 바랍니다.
현재 해당 오류와 유사한 여러 케이스를 확인하였을 때 '디지로카'(롯데카드 어플)의 최근 업데이트와 연관되어 있을 것으로 판단하고 있습니다.(5.2.11 버전으로 업데이트)
따라서 플레이스토어 접속 하시어 '디지로카' 어플을 5.2.11 버전으로 업데이트 하시거나 혹은 '디지로카' 어플을 제거하시면 더헬스를 정상적으로 사용이 가능하십니다.
향후 유사한 오류가 발생하지 않게 더욱 신뢰성 높은 더헬스가 되도록 노력하겠습니다.

감사합니다.",2/23/2023 1:35
98d00c76-09bf-4e2f-b05b-130a455a4958,실행이 안되는데요? 인터넷 창만 계속 뜨고,1,2/21/2023 13:24,"안녕하세요. 더헬스 입니다.

더헬스 이용에 불편을 드려 죄송합니다.
현재 해당 오류와 유사한 여러 케이스를 확인하였을 때 '디지로카'(롯데카드 어플)의 최근 업데이트와 연관되어 있을 것으로 판단하고 있습니다.(5.2.11 버전으로 업데이트)
따라서 플레이스토어 접속 하시어 '디지로카' 어플을 5.2.11 버전으로 업데이트 하시거나 혹은 '디지로카' 어플을 제거하시면 더헬스를 정상적으로 사용이 가능하십니다.
향후 유사한 오류가 발생하지 않게 더욱 신뢰성 높은 더헬스가 되도록 노력하겠습니다.

감사합니다.",2/23/2023 1:33
b8526314-ad0c-4beb-85c9-f4cd89a00fce,왜안넘어가나요 브라우저로 넘어가서 계속 로딩만되고 실행이안되요 다른사람폰은잘되는데요,1,2/21/2023 2:35,"안녕하세요. 더헬스 입니다.

더헬스 이용에 불편을 드려 죄송합니다.
현재 해당 오류와 유사한 여러 케이스를 확인하였을 때 '디지로카'(롯데카드 어플)의 최근 업데이트와 연관되어 있을 것으로 판단하고 있습니다.(5.2.11 버전으로 업데이트)
따라서 플레이스토어 접속 하시어 '디지로카' 어플을 5.2.11 버전으로 업데이트 하시거나 혹은 '디지로카' 어플을 제거하시면 더헬스를 정상적으로 사용이 가능하십니다.
향후 유사한 오류가 발생하지 않게 더욱 신뢰성 높은 더헬스가 되도록 노력하겠습니다.

감사합니다.",2/23/2023 1:33
74818378-05dc-4ba9-b794-b2c9e548a058,아예 열리지가 않아요. 이럴려면 어플이 전혀 필요없네요,1,2/20/2023 13:24,"안녕하세요. 더헬스 입니다.

더헬스 이용에 불편을 드려 죄송합니다.
현재 발생되신 오류가 웹화면에서 로딩이 반복되는 채로 앱이 실행되지 않은 오류일 경우 아래 내용을 참조 바랍니다.
현재 해당 오류와 유사한 여러 케이스를 확인하였을 때 '디지로카'(롯데카드 어플)의 최근 업데이트와 연관되어 있을 것으로 판단하고 있습니다.(5.2.11 버전으로 업데이트)
따라서 플레이스토어 접속 하시어 '디지로카' 어플을 5.2.11 버전으로 업데이트 하시거나 혹은 '디지로카' 어플을 제거하시면 더헬스를 정상적으로 사용이 가능하십니다.
향후 유사한 오류가 발생하지 않게 더욱 신뢰성 높은 더헬스가 되도록 노력하겠습니다.

감사합니다.",2/23/2023 1:35
af34059b-98d2-476f-a184-305566bff962,루핑만되고 실행이안되요,1,2/20/2023 12:33,"안녕하세요. 더헬스 입니다.

더헬스 이용에 불편을 드려 죄송합니다.
현재 해당 오류와 유사한 여러 케이스를 확인하였을 때 '디지로카'(롯데카드 어플)의 최근 업데이트와 연관되어 있을 것으로 판단하고 있습니다.(5.2.11 버전으로 업데이트)
따라서 플레이스토어 접속 하시어 '디지로카' 어플을 5.2.11 버전으로 업데이트 하시거나 혹은 '디지로카' 어플을 제거하시면 더헬스를 정상적으로 사용이 가능하십니다.
향후 유사한 오류가 발생하지 않게 더욱 신뢰성 높은 더헬스가 되도록 노력하겠습니다.

감사합니다.",2/23/2023 1:34
a09f5835-92e7-4c79-986d-75390aad2727,앱 실행이 안됩니다 첫화면에서 넘어가지 않음,1,2/20/2023 10:36,"안녕하세요. 더헬스 입니다.

더헬스 이용에 불편을 드려 죄송합니다.
현재 발생되신 오류가 웹화면에서 로딩이 반복되는 채로 앱이 실행되지 않은 오류일 경우 아래 내용을 참조 바랍니다.
현재 해당 오류와 유사한 여러 케이스를 확인하였을 때 '디지로카'(롯데카드 어플)의 최근 업데이트와 연관되어 있을 것으로 판단하고 있습니다.(5.2.11 버전으로 업데이트)
따라서 플레이스토어 접속 하시어 '디지로카' 어플을 5.2.11 버전으로 업데이트 하시거나 혹은 '디지로카' 어플을 제거하시면 더헬스를 정상적으로 사용이 가능하십니다.
향후 유사한 오류가 발생하지 않게 더욱 신뢰성 높은 더헬스가 되도록 노력하겠습니다.

감사합니다.",2/23/2023 1:35
02feb531-e95e-42eb-a9e1-79bb43511e0b,원래 잘사용하다가 갑자기 어플클릭만 하면 딴브라우저가 열리고 초기로딩에서 움직이지 않습니다. 제거후 다시 설치해도 그렇습니다,2,2/19/2023 5:15,"안녕하세요. 더헬스 입니다.

더헬스 이용에 불편을 드려 죄송합니다.
현재 해당 오류와 유사한 여러 케이스를 확인하였을 때 '디지로카'(롯데카드 어플)의 최근 업데이트와 연관되어 있을 것으로 판단하고 있습니다.(5.2.11 버전으로 업데이트)
따라서 플레이스토어 접속 하시어 '디지로카' 어플을 5.2.11 버전으로 업데이트 하시거나 혹은 '디지로카' 어플을 제거하시면 더헬스를 정상적으로 사용이 가능하십니다.
향후 유사한 오류가 발생하지 않게 더욱 신뢰성 높은 더헬스가 되도록 노력하겠습니다.

감사합니다.",2/23/2023 1:36
b6a5bb1a-4a62-420a-b4b8-f81f548cce0a,좋긴한데 ai가 너무 아쉬워요~ 동작 똑같이해도 어떨땐 인식 못하고 어떤동작은 카메라각도조절다하고 여러번 자세 다시취해도 아예 넘어가지도않고 ~짜증나네요~,2,2/16/2023 13:39,"안녕하세요. 더헬스 입니다.

더헬스 이용에 불편을 드려 죄송합니다.
더불어 해당 불편 사항을 저희 더헬스에 공유해 주셔서 감사드립니다.
관련 부서에 내용 공유하여 서비스 개선이 이루어 질 수 있도록 노력하겠습니다.
앞으로도 고객님의 의견을 적극 수용하여 고객님의 건강관리를 위해 더 나은 서비스를 제공하겠습니다.

감사합니다.",2/23/2023 1:39
b7410d6a-7c98-4a5f-bb3d-891462f19f4c,앱클릭시 초기페이지에서 안넘어갑니다 삼성전용 인터넷을 써보고 크롬 네이버 다써봤는데 모바일 앱실행시 초기화면에서 안넘어갑니다 휴대폰은 노트20올트라 입니다,1,2/16/2023 3:04,"안녕하세요. 더헬스 입니다.

더헬스 이용에 불편을 드려 죄송합니다.
현재 해당 오류와 유사한 여러 케이스를 확인하였을 때 '디지로카'(롯데카드 어플)의 최근 업데이트와 연관되어 있을 것으로 판단하고 있습니다.(5.2.11 버전으로 업데이트)
따라서 플레이스토어 접속 하시어 '디지로카' 어플을 5.2.11 버전으로 업데이트 하시거나 혹은 '디지로카' 어플을 제거하시면 더헬스를 정상적으로 사용이 가능하십니다.
향후 유사한 오류가 발생하지 않게 더욱 신뢰성 높은 더헬스가 되도록 노력하겠습니다.

감사합니다.",2/23/2023 1:36
34ba781e-78c8-4e40-a6db-679863fe1579,어플을 설치했는데 계속 오류가 나면서 실행 안되네요,1,2/15/2023 6:58,"안녕하세요. 더헬스 입니다.

더헬스 이용에 불편을 드려 죄송합니다.
현재 발생되신 오류가 웹화면에서 로딩이 반복되는 채로 앱이 실행되지 않은 오류일 경우 아래 내용을 참조 바랍니다.
현재 해당 오류와 유사한 여러 케이스를 확인하였을 때 '디지로카'(롯데카드 어플)의 최근 업데이트와 연관되어 있을 것으로 판단하고 있습니다.(5.2.11 버전으로 업데이트)
따라서 플레이스토어 접속 하시어 '디지로카' 어플을 5.2.11 버전으로 업데이트 하시거나 혹은 '디지로카' 어플을 제거하시면 더헬스를 정상적으로 사용이 가능하십니다.
향후 유사한 오류가 발생하지 않게 더욱 신뢰성 높은 더헬스가 되도록 노력하겠습니다.

감사합니다.",2/23/2023 1:36
c95d1406-088c-425c-a0d2-0b0a5db4f8b6,아니 초기페이지에서 안넘어가요..,1,2/14/2023 13:25,"안녕하세요. 더헬스 입니다.

더헬스 이용에 불편을 드려 죄송합니다.
정확한 조치를 위하여 현재 불편사항에 대해 화면 캡쳐 등 상세 설명을 포함하여
healthcare.sli@partner.samsung.com 으로 메일 주시면 확인 후 빠르게 조치 드리겠습니다.
앞으로 고객님의 건강관리를 위해 더 나은 서비스를 제공하기 위해 노력하겠습니다.

감사합니다.",2/15/2023 5:19
180c157b-4008-4f72-8e3b-07bfc5650a7b,좋네요 :),5,2/9/2023 1:51,"안녕하세요. 더헬스 입니다.
더헬스를 이용해 주셔서 감사합니다.
앞으로도 고객님의 건강관리를 위한 최상의 서비스를 제공하기 위해 노력하겠습니다.
감사합니다.",2/9/2023 1:55
af773418-738e-4c0e-abae-2328b862832a,앱 실행 -> 메인 홈 까지 로딩이 많이 걸립니다,3,12/30/2022 21:11,,
7e47b779-61ae-4b56-a460-4e10f9e6c651,좋네요,5,12/25/2022 11:53,,
6f427792-b285-4b2a-8b63-48c202e7f824,좋아요~,5,12/11/2022 11:49,,
b8a8de21-bcf1-4235-b2c0-e594032ef24a,하하 경고라고 떠서 안햐 뭐 삼성?이런것까지?,1,12/9/2022 6:51,,
c9dba52d-a382-4b1c-9084-c4ac6b5e36b7,걷기챌린지 참가상은 왜 아직도 안와요? 언제 주는겁니까?,1,12/9/2022 5:20,,
4773caf4-2a3b-4553-83ce-0b00000f5c7b,좋아요,5,12/8/2022 13:11,,
3815dbad-af50-4cc7-b001-afb1ef855027,건강관리에 도움이 됨니다,5,12/8/2022 4:40,,
c5c90ac8-950e-49a0-808b-65b275ae8822,행복,5,12/7/2022 1:18,,
c44dbbf2-fcc1-4eac-922a-51e9d828f7b9,유료인가요?,3,12/3/2022 17:33,,
635210fb-9b94-48df-ae79-bf3fc62957e9,사용하기 좋아요,5,12/3/2022 14:09,,
ae6821d1-dc5f-4c44-a205-154caf889e0f,"모션운동 정말 좋은데 제멋대로 해석하는경우가 많네요 ㅠㅜ 제가 올라가고 움직이는걸 파악해서 측정되는건 정말 참신하고 획기적인데 (퍼펙트,굳,미스 등등 으로 나누어 내가 그 자세를 얼마나 완벽하게 취하는지 알려줄수있는것도 정말 좋아요. ) 하지만 모션 프로그램이 자기멋대로 해석하는 경우가 많네요 ㅠㅜ 제대로 또는 강사분보다 더 열심히 했음에도 불구하고 인식을 못해서 다리를 조금더 올려봐요~ 다리를 수그려주세요~~하면서 계속 미스나고 같은운동을 반복하게 하는게 조금 짜증이 납니다. 강사분보다 열심히 했음에도 불구하고 연속된 미스로 최종점수가 낮게 나오는것도 억울하네요 ㅜ 모션 프로그램을 더 자세히 짰으몀 어떨까하는 아쉬움이있습니다. 어떨땐 인식 정말잘되고 어떨땐 정말 안돼요 그래도 감사합니다 이런앱을 무료로 사용하게 해주셔서 자주 애용할것같네요 (11/26)오류 빈도가 더 잦아졌어요 운동중 절반 정도가 멈추네요 그냥 강사님 행동자체가 멈춰서 다음 운동으로 안놈어갑니다 강제로 클릭해야됨",3,11/26/2022 12:49,,
2054b254-5a6f-48ae-89ae-3b8eb6c91a4c,더핼스 응원합니다,5,11/26/2022 1:07,,
81abd82f-0f1f-4171-9a4a-1adbb60161c8,대중화.다중화필요,5,11/24/2022 14:29,,
05bffb8c-a69f-48a3-b591-b21a255ae04b,탈퇴가 되지 않습니다,1,11/20/2022 5:47,,
ad71a36e-efea-4d68-970c-d7335dfff2ed,"운동을 완료해도 그만두기 처리가 되는데요, 야간 형광등 아래에서 인식도 잘안되고 챌린지에 운동 시간 인정도 안되는군요. 이래선 운동 의욕이 더 떨어집니다.",2,11/13/2022 13:40,,
78e3cd96-12d7-4f3c-8292-ecb75c8d7c2f,좋아요,5,11/8/2022 1:02,,
0b2512b9-cb8e-44c2-af6c-0d7735a56a65,10월 한달 동안 매일 만보 걷기 챌린지 하고 있었는데 10월31일 걷기 정보가 챌린지에 적용되지 않고 끝나버렸습니다. 걷기 메뉴에는 2만보 이상 찍혀있는데 챌린지에는 표시갗안되네요. 오류로 인해 챌린지 실패각입니다.,1,11/1/2022 21:38,,
a8db963d-460f-4205-986d-f982e49f290d,만 14세 미만이라고 뜨네요.. 아닌데요ㅜㅜㅜ,1,10/29/2022 4:38,,
9f109b86-aa89-40fe-858b-2a442f09edea,만14세인데 만14세미만은 안된다면서 계속뜨네요,1,10/28/2022 15:00,,
897b2cb9-ecf8-4717-b4bb-8000de4fa80d,우와 개인정보 저장하는 앱이다잉,1,10/28/2022 2:34,,
0daa2ac0-4c10-4a9a-9c6e-73b8d400a5ee,정말좋아요 굿,4,10/27/2022 13:05,,
3077cccd-0a4d-4e0e-9853-d77a97387a94,08 2월생이면 만 14세잖아요 왜 자꾸 안된대,1,10/24/2022 15:21,,
6742f4ad-60a7-4a23-9ce0-b4d248607298,알겟다 진짜 잘,3,10/16/2022 7:53,,
fbaea801-6437-4269-adc6-fe47c141c3d4,만 14세 이상이잖아 샹,1,10/14/2022 23:39,,
464c567b-d50e-42bf-8bfe-79d2eac4d837,지인한테 사용해 보라는 추천이 있어 해보는데 08년생에 생일은 이미 지나 만14세가 되어도 가입이 안된다고 뜨네요,2,10/14/2022 13:15,,
229dbfb3-f5ec-4814-bd77-6dd5c49a6619,건강도 챙기고 좋아요,5,10/12/2022 8:47,,
9dce9da9-540c-4fc4-b142-e5cfc8217f3c,이름 전화번호 통신사 주민번호 다 정확히 적었는데 F100: 응답 정보를 불러올 수 없습니다.만 계속 뜨네요 쓰레기어플,1,10/10/2022 17:28,,
02ed9864-98a3-49cf-bc2b-ab197d2158a7,앱 시작 후 로그인을 하려고 하는데 08년 3월생인 제가 만 14세 미만이라 가입이 불가하다고 뜨네요 이하였다면 이해가 가능했을 텐데 미만이라고 해서 놀랐습니다,1,10/8/2022 7:44,,
b60af5fa-aef8-4165-a66b-099cc4f98a15,정말 죄송한데 만 14세 이상에 생일도 지난 상태인데 만 14세 미만이라며 아예 들어가지도 못 하게 하는 건 대체 뭔가요..?;,1,10/7/2022 7:38,,
9e52c464-fd83-4dd3-bd42-0bfd07e3dd70,회원가입하려고 하는데 비밀번호 설정에서 자꾸 Error(500)internal Server Error 이란 문구가 뜨면서 회원가입이 안됩니다.,1,10/6/2022 14:25,,
dfaa0b2b-5ce5-4b83-9b74-dd458fe052a4,엊그제 이후로 만 14세가 되었는데 만14세 미만은 가입 불가하다고 뜨네요;;,1,10/6/2022 14:05,,
829f7052-2200-4a6f-bb0f-94d1e1bbb4fe,처음접합니다. 좋은데요?,4,10/6/2022 9:54,,
cb9e5ad0-e483-42f9-be85-9e693631405f,앱설치가 안되고 제거가 바로 뜨네요.,1,9/30/2022 8:47,,
1e5d22f8-7a19-4741-86c1-c5e201545810,리워드 먹튀임.,1,9/25/2022 13:01,,
f001273c-ca99-4082-9bcc-0a0d02f21e7f,이어플좋아요,5,9/23/2022 20:08,,
c8305888-911a-4bb5-89e4-7d2fc3bad35f,이 앱이 있어 운동을 하게됩니다,5,9/23/2022 9:02,,
ee18e1f8-ae04-4532-b491-b6c30af4ff34,여기에 삼성헬스에 있는 기능은 나만의 식사를 추가 해달라고 리뷰를 남겼는데 거기 내용에 사진을 저장해놓고 불러오는것도 콩3쪽 마늘 3쪽이면 불편하다고했는데 개발자라는 사람이 사진 저장해놓고 불러오라고 하네 여기 개발자들은 말이 안통하는 사람인가 아님 글을 제대로 못읽는 문맹인가 아님 고객의 의견을 개무시하는사람들인가 아님 로보트인가? 사람이 댓글을 단거 같은데 챗봇이나 할 답변을 하고있네 리뷰 삭제하고 다시 올립니다. 어이가 없는 답변에 댓글을 달수가 없어서 나름 대기업이라는곳에서 만들었다는데 뭐지?,1,9/19/2022 5:14,,
ed4d3f18-21bd-4b82-a569-9a979f28ffd2,점검 언제까지 해요? 시간 지났는데,4,9/18/2022 10:18,"안녕하세요, 더헬스 입니다.

지난 9/18(일) 서비스 안정화를 위한 점검 작업이 정상적으로 완료 되었습니다.
앱 실행 시 점검 페이지로 계속 이동될 경우, 앱 캐시를 삭제해주시면 정상 이용이 가능합니다.

※ 앱 캐시 삭제 방법
1. 바탕화면에서 '더헬스' 앱 아이콘을 길게 클릭하여 ' i ' 버튼 클릭
2. '저장공간' 을 클릭하여 '캐시 삭제' 후 앱 재접속

감사합니다.",9/19/2022 5:09
b1bf0c3e-f022-4f84-98cb-870948d4bde3,오늘 산행하고 챌린지하려는데 갑자기 업데이트한다고 접속을 못하게 했네요.? 9.17.(토) 더헬스 앱 접속했을때 어플 최적화한다는 사전 안내라도 있었으면 일요일에 산에 안 갔죠.. 집 앞 동산도 아니고 주말에 일부러 시간내서 100대 명산 찾아간건데 갑자기 접속 못하게 하면 어떡합니까?! 일시 나오게 사진찍은거 있습니다. 산행으로 반영해주세요,1,9/18/2022 9:22,"안녕하세요, 더헬스 입니다.

지난 일요일에 있었던 시스템 작업 관련하여 공지사항을 통해 사전안내를 드렸으나,
전달에 있어 미흡한 점이 있었습니다.
서비스 이용에 불편을 드려 죄송하다는 말씀을 드리며,
9/18(일) 산행대회 챌린지 관련해서는 추후 인증을 통해 소급적용할 수 있도록
조치드릴 예정이오니 참고 부탁 드리겠습니다.

감사합니다.",9/19/2022 6:53
e1b5d761-1784-4ffa-9f6d-8bd09abba164,아주 유용하고 좋아요,4,9/9/2022 1:47,,
441a194d-a69e-4ff3-a0b0-704e04e6d924,편리해요,5,9/8/2022 21:39,,
5d59c864-ecfb-4b33-9199-bcb3f6cf46e2,"설치 후 해당 어플에 대한 모든 권한 허용하였으나 초기 페이지(필요한 권한 허용)에서 다음 단계로 안 넘어 갑니다. 몇번이나 재설치 후 권한 허용 재설정, 저장공간을 비우기, 캐시삭제을 해봐도 실행이 되지 않으니 도대체 뭐가 문제인가요??? 9월 8일 리뷰수정 담당자분 한테 메일을 3번이나 보냈는데 회신이 없으시네요. 답변 좀 주시죠 .",1,9/8/2022 13:13,"안녕하세요, 더헬스 입니다.

서비스 이용에 불편을 드려 죄송합니다.
문의주신 사항 관련하여 담당자를 통해 현상 확인 후 조치 지원드릴 수 있도록 하겠습니다.

감사합니다.",9/19/2022 7:00
05db7fd0-a07a-41a8-9eed-8676ad84e982,회원 가입이 안되는데 어떻게 해야하나요? 문의할 수 있는 전화번호 좀 알려주세요,3,9/7/2022 8:00,"안녕하세요, 더헬스입니다.

문의주신 회원가입 과정에서 진행이 안되시는 화면과 현상에 대해
healthcare.sli@samsung.com으로 보내주시면 확인하여 지원드릴 수 있도록 하겠습니다.

감사합니다.",9/19/2022 7:22
2d55e6ae-b089-4873-a9b4-f0fcc10ee238,마음체크가 안떠요,3,9/7/2022 6:10,,
d0354a12-1290-4699-987b-a7ae7b2f55b6,좋아요 사용해 볼만한 것이 꽤 있는듯,5,9/7/2022 1:17,,
87662ce4-65b0-4637-a822-133b68f8bf53,참여코드를 써야. 참여할 수 있을 때가 많고 뭔 임직원만 걷기를 하는지 임직원참여가 많네요 이번에 걷기를 신청하려해도 어디에도 할 수가 없네요. 참여코드를 왜 넣는지 참 그러네요,2,9/5/2022 14:27,,
f902cc14-5dcd-479f-9781-eff2cd741de5,건강관리에 큰도움,5,9/5/2022 6:38,,
d3de0bff-a092-4448-9ed3-498e6ba2a7fb,설치가 안됩니다.,1,9/4/2022 5:03,,
53c0009d-3e4a-4760-baca-26cd048b6b94,"간편하고 ,심신 케어에 도움을 주니 좋습니다.",5,9/3/2022 6:13,,
0b58d4b8-9341-44e6-a216-76afa6554c2f,삼성헬스에서 걷기정보를 불러오지 못해요. 권한창이 떠서 허용해도 계속 반복해서 걷기정보를 불러오지못한다고 뜨고 상성헬스에서 데이터 권한에 더헬스 앱이 보이지않아요,2,9/3/2022 5:00,,
bd68f38b-da11-410d-b981-ffe318363ab9,유용해요,5,8/30/2022 15:13,,
ab15298b-36c9-4bb9-a0f7-4da229de6c06,식단 기록하려는데 사진을 찍어도 분석이 되지 않습니다. 계속 다시 아침점심저녁선택 화면이 되풀이됩니다. 잘 사용중이었는데. 삭제후 재설치해도 해결되지않습니다.,1,8/22/2022 22:28,,
f755846d-a6c4-421f-9216-028227a50d68,좋아요 기록용으로,5,8/20/2022 14:56,,
8e5fe41b-706b-4ee7-8b58-854648aa747b,하루에 많이 걸을 수 있는 계기가 마련됩니다. 적극 추천합니다.,5,8/19/2022 8:36,,
9bb85efa-8824-4166-83e6-94935be22c1c,식단 기록이 편해서 계속 사용중인데 모션운동은 움직임 인식도 잘 안되고 2세트쯤 하면 타이머 정지되고 가이드분 영상도 멈추고 더이상 기록이 되지 않아 사용할 수가 없어요..,3,8/11/2022 11:33,"안녕하세요, 더헬스입니다.

먼저 서비스 이용에 불편을 드려 죄송합니다.
모션운동 진행 도중 네트워크 통신이 원활하지 않거나 데이터 속도가 느릴 경우,
문의주신 현상이 발생할 수 있습니다.
이와 관련하여 현재 개선 작업을 진행 중이며 조속히 완료할 수 있도록 하겠습니다.

감사합니다.",8/16/2022 0:37
fca05e77-3562-4f59-8303-6030184efbf8,해외에서도 이용하고 싶은데 핸드폰 인증을 할수가없네요... 방법이없나요? 카카오톡인증같은거라도...,3,8/10/2022 1:11,"안녕하세요, 더헬스입니다.

현재 더헬스는 본인이 확인된 사용자에 한해 서비스 이용이 가능합니다.
삼성생명 고객이시다면 시작 페이지에서 ""삼성생명 계정으로 시작하기""를 클릭하시어
카카오페이 혹은 공동(공인)인증서를 통해 서비스를 이용하실 수 있으니 참고 부탁드립니다.

감사합니다.",8/16/2022 0:26
077bc1d4-a264-417f-804a-a62799ff8acd,로그인으로 하려는데 2차 인증에서 번호? 그딴거 안오고요 끝까지 한번더 코드보내기를 눌렀지만 변한거? 하나도 없음 그래서 어떻게 하란거죠.....코드는 안오지 별 온갖 방법을 시도해 봐도 응~소용없어 이거고 로그인을 하란건지 말라는 건지.....그래서 별1개 줍니다....뭘 하란건지 말란건지... 암튼 이거 고쳐줬음 합니다,1,8/8/2022 15:15,"안녕하세요, 더헬스 입니다.

말씀주신 2차 인증 관련 내용은
삼성헬스를 설치하시고 로그인하는 과정에서 발생하신 것으로 파악됩니다.

삼성헬스에서 2단계 인증 관련 인증번호 문자가 오지 않을 경우,
'설정' > '삼성계정' 앱 사용 및 업데이트 > '삼성헬스' 인증 재진행 과정을 진행해보시기 바랍니다.
삼성계정 앱이 보이지 않을 경우에는
'설정' > 오른쪽 상단 점3개 선택 > 삼성계정 정보를 클릭하시면 됩니다.
추가로 지원이 필요하신 사항은 언제든 문의 부탁드립니다.

감사합니다.",8/16/2022 0:54
3666c5b3-d99f-46f0-aa1a-29df82019fd5,아따 버그 투성이....,1,8/7/2022 14:28,"안녕하세요, 더헬스입니다.

사용 중 불편사항은 healthcare.sli@samsung.com으로 문의주시면
지원드리도록 하겠습니다.

감사합니다.",8/16/2022 1:35
c1d6574a-0e07-42fd-b8f6-fdaccb165403,사진만으로 식단 칼로리가 나와서 신기하기도하고 유용한 앱입니다.,5,8/3/2022 10:38,,
3c2edd13-75ac-46ff-b623-9b2a6d31fdef,사진을 찍어올리면 칼로리 계산이 되는게 좋네요,4,8/2/2022 14:19,,
b45ff619-f293-49b7-ab4e-5e5c62378a7c,너무 좋아욥,5,8/2/2022 2:28,,
00e76e47-8b56-4e23-acd0-48470449f957,이건 무슨,1,7/26/2022 23:26,,
c9980ae8-5431-4db3-842b-483c5d41db6b,좋아요,4,7/19/2022 5:45,,
7e66a875-ebc2-42b8-a969-1dd0be69f637,삼성헬스는 왜 깔라고 하는지 의문....별 도움도 안되고 탈퇴하고 싶은데 탈퇴 기능도 없음;;,1,7/4/2022 23:06,"안녕하세요, 더헬스 입니다.

더헬스에서는 걸음수 서비스 제공을 위해 삼성헬스 연동이 필요합니다.
걸음수 데이터를 활용한 걷기서비스와 챌린지 외에는 다른 기능들을 이용하실 수 있고,
회원탈퇴는 '전체메뉴' > '마이페이지' > '내정보 관리' 페이지에서 진행 가능하오니
참고 부탁드립니다.

감사합니다.",8/16/2022 1:40
1d11364d-89c6-4074-bb61-c04e8d666872,"아무도 꾸준히 사용하지 않을 앱. 심지어 개발자도, 기획자도 안쓰고 있을 앱",1,6/30/2022 13:59,,
413df3df-4d7f-4f26-9973-c903f757573e,모션운동으로 쉽게 따라 할 수 있어 좋은거 같아요~ 근데 운동 컨텐츠가 더 많았으면 좋겠어요... 그리고 리워드랑 챌린지도 있으면 좀 더 적극적으로 하지 않을까 싶네요...,5,6/25/2022 14:12,,
63d9ab43-acdd-45d7-ac9b-ef69e9780f9c,식단 관리 제대로 할 수 있어요 굿굿 👍,5,6/23/2022 8:32,,
14b88342-276a-41dd-be69-241d8d05df36,아주 조아요~~,5,6/22/2022 5:23,,
275a021f-8b3f-4ccd-80be-6642ec88b96a,리워드 왜 안주나요,5,6/21/2022 10:35,,
0eb4caf1-b8e3-47b0-9a29-5f2fdce767c5,굿,5,6/20/2022 8:07,,
47d441d7-e7c0-44dc-b2af-4a690da89206,조아여,5,6/17/2022 13:47,,
016ae3c4-94e8-49c0-8eab-2409524a7225,포카머니 주세요 하라는대로 다했는데 장난치세요? 포카치시는분들 깔지마세요 낚시입니다 후후,1,6/14/2022 13:22,"안녕하세요, 더헬스를 이용해주셔서 감사드립니다.

포인트 관련 부분은 참여하신 충전소에 문의하시면 확인 및 안내드릴 예정이라고 합니다.
앞으로도 고객님의 건강에 건강을 더하는 더헬스가 되겠습니다.

감사합니다.",6/21/2022 8:28
8c40e248-39bc-459c-b1b7-7d584738f605,너무 좋습니다 감사합니다,5,6/12/2022 7:03,"안녕하세요, 더헬스를 이용해주셔서 감사드립니다.

보다 더 나은 서비스를 제공할 수 있도록 항상 노력하겠습니다.

감사합니다.",6/13/2022 4:54
bd2489de-6514-40f5-8dc1-6bed7afdfa25,깔고 가입하려는데 권한 확인창만 계속뜹니다.다 허용했는데도 그러네요,4,6/11/2022 21:50,"안녕하세요, 더헬스를 이용해주셔서 감사드립니다.

해당 현상이 계속되실 경우 화면 캡쳐 등을 포함하시어
healthcare.sli@partner.samsung.com으로 보내주시면 확인 후 지원드릴 수 있도록 하겠습니다.

감사합니다.",6/13/2022 0:52
6ae5bff9-e1ab-4ed4-99a2-6175ac7285db,포인트 준다고 가입했는데 포인트 안들어오네요,1,6/11/2022 3:20,"안녕하세요, 더헬스를 이용해주셔서 감사드립니다.

포인트 관련 부분은 참여하신 충전소에 문의하시면 확인 및 안내드릴 예정이라고 합니다.
앞으로도 고객님의 건강에 건강을 더하는 더헬스가 되겠습니다.

감사합니다.",6/14/2022 1:52
407e4ce3-a867-42ed-9c76-60508e954dbe,좋아 좋아,3,6/10/2022 11:37,"안녕하세요, 더헬스를 이용해주셔서 감사드립니다.

보다 더 나은 서비스를 제공할 수 있도록 항상 노력하겠습니다.

감사합니다.",6/13/2022 4:55
ac9de10c-26b2-4fda-8d9e-0d431e86c638,안열림,1,6/10/2022 9:42,"안녕하세요, 더헬스를 이용해주셔서 감사드립니다.

불편을 겪고 계신 부분에 대하여 캡쳐 화면이나 구체적인 현상을
healthcare.sli@partner.samsung.com으로 보내주시면 확인 후 지원드릴 수 있도록 하겠습니다.

감사합니다.",6/13/2022 2:24
d00f143c-defe-4b43-8ca9-7a985620701a,운동하다 도중에 멈추고 기본운동 5~6가지 따라하면 1~2가지 하면 나머지는 멈추고 안해요 도중에 운동을 멈추게되요 ㅠ 매일매일 반복됩니다,2,6/8/2022 8:15,"안녕하세요, 더헬스를 이용해주셔서 감사드립니다.

일부 단말에서 해당 현상이 있는 것을 확인하여 현재 개선 작업을 진행 중입니다.
이용하심에 불편함이 없도록 조속히 처리하도록 하겠습니다.

감사합니다.",6/13/2022 7:57
4a70b0a5-4f04-4d59-8f06-58a9236dce38,ㄱ. 세. ㅛ,1,5/11/2022 7:30,"안녕하세요, 더헬스를 이용해주셔서 감사드립니다.

보다 더 나은 서비스를 제공할 수 있도록 항상 노력하겠습니다.

감사합니다.",6/13/2022 7:57
8d6953cf-2bf7-403a-aa02-565c17c8e3c5,좋아요,5,5/11/2022 0:51,"안녕하세요, 더헬스를 이용해주셔서 감사드립니다.

보다 더 나은 서비스를 제공할 수 있도록 항상 노력하겠습니다.

감사합니다.",6/13/2022 5:01
66ee1c13-b31e-40d9-bb15-3e104f6657bd,"남여/연령대/상하체別 권장운동량 컨텐츠가 유익하고 신선하네요 칼로리/걷기/운동 등 항목별 리포트 기능도 도움되고, 챌린지도 심플하게 잘 되어있네요",5,5/10/2022 8:20,"안녕하세요, 더헬스를 이용해주셔서 감사드립니다.

보다 더 나은 서비스를 제공할 수 있도록 항상 노력하겠습니다.

감사합니다.",6/13/2022 7:58
15cb798d-3781-4e0c-8af1-2f5ca922e77f,되게 실용적이네요. 여타 헬스케어앱보다 훨씬 신선한 기능들이 많아 좋습니다. 특히 식단분석은 너무너무 유용하고 좋은거 같아요!,5,5/6/2022 8:51,"안녕하세요, 더헬스를 이용해주셔서 감사드립니다.

보다 더 나은 서비스를 제공할 수 있도록 항상 노력하겠습니다.

감사합니다.",6/13/2022 7:59
d4afee85-e661-49eb-8348-73a18d790611,깔고싶은데 안깔립니다 어찌해야하나용?,5,5/6/2022 5:49,,
339b3785-69a3-4c59-9f2d-ef4f39538760,식사내역을 사진으로 찍어서 기록하고 칼로리까지 계산해주니 너무 편리하고 좋아요. 화면 구성도 심플하네요,5,5/4/2022 5:48,"안녕하세요, 더헬스를 이용해주셔서 감사드립니다.

보다 더 나은 서비스를 제공할 수 있도록 항상 노력하겠습니다.

감사합니다.",6/13/2022 8:00
32092472-c71d-42ba-9d10-d4ef1a6f4e7d,"사진을 찍음 칼로리 계산을 해 줘서 넘 좋으네요 운동에서 수동기록으로 탁구 테니스 배트민턴 운동종목, 운동시간 을 입력해서 칼로리 계산됨 혁신적일것같아요",4,4/23/2022 12:43,,
e8cd66f6-62c7-4785-9f84-f31e0dec2e01,굿. 잘 사용할께요,5,4/21/2022 0:45,,
6446c478-d55d-4d35-adec-1cd9935c3702,사용하기 편리합니다. 식단작성시 ux가 더 개선되면 좋겠습니다.,5,4/19/2022 1:39,,
f102ed0b-b086-42d4-ade2-8e8cb09616f9,깔아달라고 난리를쳐대서 깔긴했는데 색다른게 하나도없네요,1,4/14/2022 8:55,,
34fd4029-d202-4fb8-af2d-16e6018ccba0,식사기록이 너무 편리하고 좋아요. 추천 식단도 주문할 수 있구요!,5,4/14/2022 8:48,,
bf35e7dd-8486-4f75-a0c8-5e9b53270653,점메추 좋네요.ㅎ 취향 반영... 운동리스트 직접 만드는것도 괜찮고... 계속 무료 맞죠?,5,4/14/2022 7:29,,
1d16ba24-068f-4fc3-b989-015d48be54bd,운동 종류도 많고 스쿼트같이 자주하는 운동들을 플레이리스트처럼 직접 만들 수 있어서 좋네요ㅎㅎ,5,4/13/2022 6:32,,
6a3e9961-b444-413b-8f7b-509f01e798de,먹은 음식 정보가 기록되니 좋네요.,5,4/13/2022 0:51,,
a3410222-29c3-4f78-a95e-3eb905afba71,"걷기 모션 인식 운동, 식사 관리, 명상 요가 컨텐츠 등 정말 좋아요~",5,4/12/2022 22:18,,
490c946a-a8e1-4848-bb7c-f1b0c5df22ee,걸음수가 자동으로 연동되고 좋네요 자주 쓸것 같습니다,5,4/11/2022 23:23,,
c40dcbd1-e268-4047-8f0b-3e1b18399db9,깔끔하고 기능이 많네요!!,5,4/11/2022 23:13,,
e35367d2-76c2-4ea5-bc39-2a67cbfc6ad7,이거 하나만 잘 사용해도 건강한 습관들이 차곡차곡 쌓이겠어요,5,4/11/2022 23:06,,
e25dda09-d32f-4c29-a230-c21407c507da,사용하기 편하네요,5,4/11/2022 15:56,,
0ebb269e-6dec-48d9-bac1-370f11628971,모션운동 신기하다 재밌다,5,4/11/2022 9:42,,
896def40-aa7c-4faf-aac5-54dbe13dbbcd,앱 괜찮네요. 운동 식단 정신건강 다 모여있어서 좋습니다. 모션운동에 게임요소나 리워드 있다면 더 동기부여 되서 재미있게 쓸 수 있을 것 같아요.,5,4/11/2022 7:48,,
85d6627d-acb7-4b35-b7a9-b84d7ed4aff1,음식 칼로리 보여주는 기능이 인상 깊네요. 엄지 척입니다.,5,4/11/2022 5:49,,
db897269-001e-4bb7-96f5-b96df30d039c,음식사진만 찍으면 칼로리로 계산되서 하루 섭취량을 너무 쉽게 알 수 있어 좋아요. 디자인도 세련되고 깔끔해서 자주 쓸 것 같습니다.,5,4/11/2022 5:46,,
bf8c783b-d032-438c-9f74-5fef87702c85,빠르게 구동이 되어 좋은 거 같습니다,5,4/11/2022 5:39,,
44aebf9c-a338-40d1-b995-4110c7561ac4,식사 메뉴를 사진으로 찍으면 자동으로 섭취칼로리를 계산해주네요. 아주 정확하네요. 내 운동 동작을 인식해서 알려주는 기능도 유용하구요. 굿굿~~!!,5,4/11/2022 4:50,,
7d341ba2-7d18-4d16-bc4a-80de7663f0ec,운동 식이 마음건강 등 서비스 구분이 명확하고 기능들도 좋네요,5,4/9/2022 12:16,,
7dc74379-7085-4f72-b7a4-2722eecea69c,좋아요.역시 삼성생명!,5,4/8/2022 9:09,,
032c8406-90dc-4033-9446-342d9a87b864,같이 하고싶은 헬스케어서비스가 다있네요.굿잡.벌써 건강이 좋아지는 느낌! 와우!,5,4/8/2022 2:37,,
5c16c26a-c7b1-434e-8adc-8a9810c9708b,영문이름은 등록이 안되네요,3,4/8/2022 0:20,"안녕하세요, 더헬스를 이용해주셔서 감사드립니다.

휴대폰 본인인증시 영문이름의 경우에는
외국인등록증에 표기된 성명을 띄어쓰기없이 대문자로 입력하시면 정상 인증이 가능합니다.

사용하시며 추가 문의사항이 있으시면
healthcare.sli@partner.samsung.com으로
언제든 연락 부탁드립니다.

감사합니다.
더헬스 드림
",4/8/2022 2:00
74a6bec5-084b-4991-bae5-e7b7136e51d1,건강 챙길 의지만 있다면 정말 도움되는 앱!,5,4/7/2022 12:06,,
dcbdae6c-196f-4451-900a-0ea8908da5a1,건간관리가 잘됩니다,5,4/7/2022 11:27,,
6307f52b-b025-48c0-bf09-e39f905e555f,너무 좋아요 운동 되네요,5,4/7/2022 11:26,,
1b136ac2-03b4-4b29-84f0-6e66ed77222d,디자인이 깔끔하고 좋네요 건강에 도움이 많이 될 듯,5,4/7/2022 11:11,,
